日付,通貨ペア,レート
2024-01-01,USD/JPY,146.8272
2024-01-01,EUR/JPY,160.1349
2024-01-01,GBP/JPY,188.3718
2024-01-01,AUD/JPY,100.9023
2024-01-01,EUR/USD,1.0764
2024-01-01,GBP/USD,1.2899
2024-01-02,USD/JPY,150.0994
2024-01-02,EUR/JPY,160.6784
2024-01-02,GBP/JPY,173.6517
2024-01-02,AUD/JPY,97.0329
2024-01-02,EUR/USD,1.1244
2024-01-02,GBP/USD,1.2791
2024-01-03,USD/JPY,156.2441
2024-01-03,EUR/JPY,166.832
2024-01-03,GBP/JPY,181.2498
2024-01-03,AUD/JPY,97.9919
2024-01-03,EUR/USD,1.0917
2024-01-03,GBP/USD,1.223
2024-01-04,USD/JPY,149.487
2024-01-04,EUR/JPY,158.0885
2024-01-04,GBP/JPY,186.0133
2024-01-04,AUD/JPY,104.9826
2024-01-04,EUR/USD,1.0983
2024-01-04,GBP/USD,1.2788
2024-01-05,USD/JPY,152.8192
2024-01-05,EUR/JPY,152.4308
2024-01-05,GBP/JPY,177.462
2024-01-05,AUD/JPY,99.8725
2024-01-05,EUR/USD,1.113
2024-01-05,GBP/USD,1.2136
2024-01-06,USD/JPY,143.3129
2024-01-06,EUR/JPY,167.7817
2024-01-06,GBP/JPY,173.4966
2024-01-06,AUD/JPY,99.8088
2024-01-06,EUR/USD,1.0807
2024-01-06,GBP/USD,1.2426
2024-01-07,USD/JPY,155.1611
2024-01-07,EUR/JPY,161.0269
2024-01-07,GBP/JPY,185.0337
2024-01-07,AUD/JPY,99.6288
2024-01-07,EUR/USD,1.0414
2024-01-07,GBP/USD,1.2932
2024-01-08,USD/JPY,148.3274
2024-01-08,EUR/JPY,155.6153
2024-01-08,GBP/JPY,180.974
2024-01-08,AUD/JPY,102.3454
2024-01-08,EUR/USD,1.0766
2024-01-08,GBP/USD,1.2039
2024-01-09,USD/JPY,151.241
2024-01-09,EUR/JPY,153.8325
2024-01-09,GBP/JPY,173.8723
2024-01-09,AUD/JPY,101.8119
2024-01-09,EUR/USD,1.08
2024-01-09,GBP/USD,1.1997
2024-01-10,USD/JPY,151.9299
2024-01-10,EUR/JPY,158.8696
2024-01-10,GBP/JPY,184.7648
2024-01-10,AUD/JPY,97.5392
2024-01-10,EUR/USD,1.0705
2024-01-10,GBP/USD,1.3083
2024-01-11,USD/JPY,150.2412
2024-01-11,EUR/JPY,153.7373
2024-01-11,GBP/JPY,181.7752
2024-01-11,AUD/JPY,104.9846
2024-01-11,EUR/USD,1.0591
2024-01-11,GBP/USD,1.2729
2024-01-12,USD/JPY,143.9399
2024-01-12,EUR/JPY,162.2754
2024-01-12,GBP/JPY,187.4548
2024-01-12,AUD/JPY,103.1689
2024-01-12,EUR/USD,1.0641
2024-01-12,GBP/USD,1.3016
2024-01-13,USD/JPY,152.2743
2024-01-13,EUR/JPY,155.3606
2024-01-13,GBP/JPY,178.8398
2024-01-13,AUD/JPY,100.0645
2024-01-13,EUR/USD,1.0618
2024-01-13,GBP/USD,1.2712
2024-01-14,USD/JPY,153.2668
2024-01-14,EUR/JPY,165.6758
2024-01-14,GBP/JPY,182.3738
2024-01-14,AUD/JPY,96.3855
2024-01-14,EUR/USD,1.076
2024-01-14,GBP/USD,1.2404
2024-01-15,USD/JPY,144.8266
2024-01-15,EUR/JPY,154.1121
2024-01-15,GBP/JPY,173.2486
2024-01-15,AUD/JPY,99.6086
2024-01-15,EUR/USD,1.0738
2024-01-15,GBP/USD,1.2459
2024-01-16,USD/JPY,143.6828
2024-01-16,EUR/JPY,163.8822
2024-01-16,GBP/JPY,175.5174
2024-01-16,AUD/JPY,98.8876
2024-01-16,EUR/USD,1.1173
2024-01-16,GBP/USD,1.2464
2024-01-17,USD/JPY,157.4119
2024-01-17,EUR/JPY,153.628
2024-01-17,GBP/JPY,187.4586
2024-01-17,AUD/JPY,104.4622
2024-01-17,EUR/USD,1.0341
2024-01-17,GBP/USD,1.2866
2024-01-18,USD/JPY,148.0074
2024-01-18,EUR/JPY,158.1816
2024-01-18,GBP/JPY,175.4087
2024-01-18,AUD/JPY,101.4927
2024-01-18,EUR/USD,1.1253
2024-01-18,GBP/USD,1.2035
2024-01-19,USD/JPY,143.506
2024-01-19,EUR/JPY,153.9855
2024-01-19,GBP/JPY,173.4376
2024-01-19,AUD/JPY,95.5194
2024-01-19,EUR/USD,1.1285
2024-01-19,GBP/USD,1.3012
2024-01-20,USD/JPY,148.7459
2024-01-20,EUR/JPY,160.8229
2024-01-20,GBP/JPY,179.496
2024-01-20,AUD/JPY,104.1106
2024-01-20,EUR/USD,1.0618
2024-01-20,GBP/USD,1.2403
2024-01-21,USD/JPY,145.9682
2024-01-21,EUR/JPY,162.8288
2024-01-21,GBP/JPY,179.5977
2024-01-21,AUD/JPY,97.0694
2024-01-21,EUR/USD,1.0432
2024-01-21,GBP/USD,1.2688
2024-01-22,USD/JPY,155.0416
2024-01-22,EUR/JPY,153.5176
2024-01-22,GBP/JPY,175.6989
2024-01-22,AUD/JPY,100.7277
2024-01-22,EUR/USD,1.1196
2024-01-22,GBP/USD,1.2973
2024-01-23,USD/JPY,156.236
2024-01-23,EUR/JPY,156.9816
2024-01-23,GBP/JPY,179.1628
2024-01-23,AUD/JPY,97.9542
2024-01-23,EUR/USD,1.128
2024-01-23,GBP/USD,1.3064
2024-01-24,USD/JPY,150.7197
2024-01-24,EUR/JPY,163.0974
2024-01-24,GBP/JPY,185.4611
2024-01-24,AUD/JPY,104.1953
2024-01-24,EUR/USD,1.047
2024-01-24,GBP/USD,1.2134
2024-01-25,USD/JPY,143.1117
2024-01-25,EUR/JPY,152.3399
2024-01-25,GBP/JPY,187.1766
2024-01-25,AUD/JPY,100.2307
2024-01-25,EUR/USD,1.0476
2024-01-25,GBP/USD,1.3072
2024-01-26,USD/JPY,150.9784
2024-01-26,EUR/JPY,158.6212
2024-01-26,GBP/JPY,180.3378
2024-01-26,AUD/JPY,97.7465
2024-01-26,EUR/USD,1.0531
2024-01-26,GBP/USD,1.2786
2024-01-27,USD/JPY,143.7607
2024-01-27,EUR/JPY,160.5229
2024-01-27,GBP/JPY,181.9896
2024-01-27,AUD/JPY,100.1125
2024-01-27,EUR/USD,1.1176
2024-01-27,GBP/USD,1.2771
2024-01-28,USD/JPY,156.6533
2024-01-28,EUR/JPY,153.4589
2024-01-28,GBP/JPY,181.0823
2024-01-28,AUD/JPY,101.3797
2024-01-28,EUR/USD,1.0774
2024-01-28,GBP/USD,1.2287
2024-01-29,USD/JPY,149.6347
2024-01-29,EUR/JPY,162.6608
2024-01-29,GBP/JPY,188.229
2024-01-29,AUD/JPY,104.5464
2024-01-29,EUR/USD,1.0561
2024-01-29,GBP/USD,1.2768
2024-01-30,USD/JPY,142.6871
2024-01-30,EUR/JPY,162.1094
2024-01-30,GBP/JPY,187.5207
2024-01-30,AUD/JPY,96.3421
2024-01-30,EUR/USD,1.1148
2024-01-30,GBP/USD,1.2471
2024-01-31,USD/JPY,143.2052
2024-01-31,EUR/JPY,161.7388
2024-01-31,GBP/JPY,179.7786
2024-01-31,AUD/JPY,102.8892
2024-01-31,EUR/USD,1.0903
2024-01-31,GBP/USD,1.2608
2024-02-01,USD/JPY,145.2582
2024-02-01,EUR/JPY,165.464
2024-02-01,GBP/JPY,178.0738
2024-02-01,AUD/JPY,95.8865
2024-02-01,EUR/USD,1.083
2024-02-01,GBP/USD,1.2653
2024-02-02,USD/JPY,156.9271
2024-02-02,EUR/JPY,167.9932
2024-02-02,GBP/JPY,174.7785
2024-02-02,AUD/JPY,98.7067
2024-02-02,EUR/USD,1.1034
2024-02-02,GBP/USD,1.2563
2024-02-03,USD/JPY,149.9489
2024-02-03,EUR/JPY,156.7402
2024-02-03,GBP/JPY,180.5729
2024-02-03,AUD/JPY,98.6391
2024-02-03,EUR/USD,1.1181
2024-02-03,GBP/USD,1.3051
2024-02-04,USD/JPY,145.5939
2024-02-04,EUR/JPY,152.8241
2024-02-04,GBP/JPY,172.0674
2024-02-04,AUD/JPY,103.677
2024-02-04,EUR/USD,1.1039
2024-02-04,GBP/USD,1.2466
2024-02-05,USD/JPY,147.9547
2024-02-05,EUR/JPY,155.2102
2024-02-05,GBP/JPY,171.6952
2024-02-05,AUD/JPY,95.7066
2024-02-05,EUR/USD,1.0877
2024-02-05,GBP/USD,1.2392
2024-02-06,USD/JPY,147.4931
2024-02-06,EUR/JPY,156.1411
2024-02-06,GBP/JPY,185.821
2024-02-06,AUD/JPY,97.3619
2024-02-06,EUR/USD,1.0444
2024-02-06,GBP/USD,1.2951
2024-02-07,USD/JPY,148.4616
2024-02-07,EUR/JPY,162.4298
2024-02-07,GBP/JPY,179.2766
2024-02-07,AUD/JPY,104.0257
2024-02-07,EUR/USD,1.03
2024-02-07,GBP/USD,1.2907
2024-02-08,USD/JPY,153.7633
2024-02-08,EUR/JPY,153.9035
2024-02-08,GBP/JPY,180.9012
2024-02-08,AUD/JPY,95.6541
2024-02-08,EUR/USD,1.1085
2024-02-08,GBP/USD,1.2022
2024-02-09,USD/JPY,144.1969
2024-02-09,EUR/JPY,161.485
2024-02-09,GBP/JPY,178.235
2024-02-09,AUD/JPY,97.0259
2024-02-09,EUR/USD,1.0766
2024-02-09,GBP/USD,1.2526
2024-02-10,USD/JPY,154.9724
2024-02-10,EUR/JPY,156.2715
2024-02-10,GBP/JPY,177.6278
2024-02-10,AUD/JPY,103.5039
2024-02-10,EUR/USD,1.094
2024-02-10,GBP/USD,1.2819
2024-02-11,USD/JPY,146.0685
2024-02-11,EUR/JPY,157.529
2024-02-11,GBP/JPY,174.0805
2024-02-11,AUD/JPY,101.4274
2024-02-11,EUR/USD,1.1128
2024-02-11,GBP/USD,1.1887
2024-02-12,USD/JPY,143.4187
2024-02-12,EUR/JPY,159.6304
2024-02-12,GBP/JPY,188.2004
2024-02-12,AUD/JPY,99.9895
2024-02-12,EUR/USD,1.1104
2024-02-12,GBP/USD,1.3095
2024-02-13,USD/JPY,148.4219
2024-02-13,EUR/JPY,155.3986
2024-02-13,GBP/JPY,178.6503
2024-02-13,AUD/JPY,104.4055
2024-02-13,EUR/USD,1.0795
2024-02-13,GBP/USD,1.2741
2024-02-14,USD/JPY,151.5377
2024-02-14,EUR/JPY,154.1317
2024-02-14,GBP/JPY,177.0459
2024-02-14,AUD/JPY,100.1046
2024-02-14,EUR/USD,1.0889
2024-02-14,GBP/USD,1.2611
2024-02-15,USD/JPY,142.8848
2024-02-15,EUR/JPY,153.6023
2024-02-15,GBP/JPY,173.0135
2024-02-15,AUD/JPY,100.5419
2024-02-15,EUR/USD,1.03
2024-02-15,GBP/USD,1.3091
2024-02-16,USD/JPY,152.8093
2024-02-16,EUR/JPY,158.2807
2024-02-16,GBP/JPY,179.2489
2024-02-16,AUD/JPY,96.7948
2024-02-16,EUR/USD,1.0816
2024-02-16,GBP/USD,1.2134
2024-02-17,USD/JPY,150.8033
2024-02-17,EUR/JPY,160.5754
2024-02-17,GBP/JPY,176.665
2024-02-17,AUD/JPY,100.1053
2024-02-17,EUR/USD,1.0456
2024-02-17,GBP/USD,1.2711
2024-02-18,USD/JPY,154.6973
2024-02-18,EUR/JPY,152.3118
2024-02-18,GBP/JPY,181.1928
2024-02-18,AUD/JPY,100.406
2024-02-18,EUR/USD,1.0722
2024-02-18,GBP/USD,1.2598
2024-02-19,USD/JPY,145.3669
2024-02-19,EUR/JPY,164.7254
2024-02-19,GBP/JPY,178.0202
2024-02-19,AUD/JPY,103.7876
2024-02-19,EUR/USD,1.0293
2024-02-19,GBP/USD,1.2839
2024-02-20,USD/JPY,148.6369
2024-02-20,EUR/JPY,155.1149
2024-02-20,GBP/JPY,180.9117
2024-02-20,AUD/JPY,104.9097
2024-02-20,EUR/USD,1.097
2024-02-20,GBP/USD,1.2288
2024-02-21,USD/JPY,151.7284
2024-02-21,EUR/JPY,161.8778
2024-02-21,GBP/JPY,178.6843
2024-02-21,AUD/JPY,103.242
2024-02-21,EUR/USD,1.1145
2024-02-21,GBP/USD,1.3
2024-02-22,USD/JPY,146.2767
2024-02-22,EUR/JPY,156.2977
2024-02-22,GBP/JPY,179.1919
2024-02-22,AUD/JPY,100.2577
2024-02-22,EUR/USD,1.0468
2024-02-22,GBP/USD,1.2077
2024-02-23,USD/JPY,147.6005
2024-02-23,EUR/JPY,167.313
2024-02-23,GBP/JPY,172.4534
2024-02-23,AUD/JPY,99.8533
2024-02-23,EUR/USD,1.0341
2024-02-23,GBP/USD,1.2453
2024-02-24,USD/JPY,149.6829
2024-02-24,EUR/JPY,165.0446
2024-02-24,GBP/JPY,173.169
2024-02-24,AUD/JPY,98.2228
2024-02-24,EUR/USD,1.1164
2024-02-24,GBP/USD,1.2458
2024-02-25,USD/JPY,148.966
2024-02-25,EUR/JPY,167.4977
2024-02-25,GBP/JPY,171.7856
2024-02-25,AUD/JPY,100.7093
2024-02-25,EUR/USD,1.1208
2024-02-25,GBP/USD,1.2487
2024-02-26,USD/JPY,156.5279
2024-02-26,EUR/JPY,157.5293
2024-02-26,GBP/JPY,178.6648
2024-02-26,AUD/JPY,102.6284
2024-02-26,EUR/USD,1.1019
2024-02-26,GBP/USD,1.2211
2024-02-27,USD/JPY,143.3992
2024-02-27,EUR/JPY,164.7259
2024-02-27,GBP/JPY,187.9849
2024-02-27,AUD/JPY,101.4231
2024-02-27,EUR/USD,1.0802
2024-02-27,GBP/USD,1.3072
2024-02-28,USD/JPY,157.4519
2024-02-28,EUR/JPY,160.7982
2024-02-28,GBP/JPY,181.1269
2024-02-28,AUD/JPY,102.7657
2024-02-28,EUR/USD,1.0737
2024-02-28,GBP/USD,1.2797
2024-02-29,USD/JPY,149.9613
2024-02-29,EUR/JPY,167.2741
2024-02-29,GBP/JPY,188.4248
2024-02-29,AUD/JPY,97.5915
2024-02-29,EUR/USD,1.0284
2024-02-29,GBP/USD,1.2919
2024-03-01,USD/JPY,143.6166
2024-03-01,EUR/JPY,157.4579
2024-03-01,GBP/JPY,171.2568
2024-03-01,AUD/JPY,100.2302
2024-03-01,EUR/USD,1.0604
2024-03-01,GBP/USD,1.2319
2024-03-02,USD/JPY,146.2319
2024-03-02,EUR/JPY,152.6551
2024-03-02,GBP/JPY,183.9498
2024-03-02,AUD/JPY,104.0878
2024-03-02,EUR/USD,1.0876
2024-03-02,GBP/USD,1.2985
2024-03-03,USD/JPY,148.6412
2024-03-03,EUR/JPY,166.4507
2024-03-03,GBP/JPY,184.3182
2024-03-03,AUD/JPY,103.9599
2024-03-03,EUR/USD,1.0263
2024-03-03,GBP/USD,1.1913
2024-03-04,USD/JPY,151.6861
2024-03-04,EUR/JPY,154.688
2024-03-04,GBP/JPY,179.8231
2024-03-04,AUD/JPY,99.2919
2024-03-04,EUR/USD,1.0725
2024-03-04,GBP/USD,1.2665
2024-03-05,USD/JPY,155.699
2024-03-05,EUR/JPY,155.2547
2024-03-05,GBP/JPY,176.1042
2024-03-05,AUD/JPY,97.5963
2024-03-05,EUR/USD,1.075
2024-03-05,GBP/USD,1.2352
2024-03-06,USD/JPY,151.7967
2024-03-06,EUR/JPY,158.6651
2024-03-06,GBP/JPY,174.1488
2024-03-06,AUD/JPY,98.4133
2024-03-06,EUR/USD,1.0986
2024-03-06,GBP/USD,1.2651
2024-03-07,USD/JPY,152.7786
2024-03-07,EUR/JPY,160.3118
2024-03-07,GBP/JPY,173.479
2024-03-07,AUD/JPY,102.104
2024-03-07,EUR/USD,1.0761
2024-03-07,GBP/USD,1.26
2024-03-08,USD/JPY,152.2312
2024-03-08,EUR/JPY,152.21
2024-03-08,GBP/JPY,175.4111
2024-03-08,AUD/JPY,99.4423
2024-03-08,EUR/USD,1.0408
2024-03-08,GBP/USD,1.1901
2024-03-09,USD/JPY,155.8559
2024-03-09,EUR/JPY,154.81
2024-03-09,GBP/JPY,184.0061
2024-03-09,AUD/JPY,103.3722
2024-03-09,EUR/USD,1.0976
2024-03-09,GBP/USD,1.1973
2024-03-10,USD/JPY,151.3731
2024-03-10,EUR/JPY,162.9039
2024-03-10,GBP/JPY,177.8662
2024-03-10,AUD/JPY,97.8667
2024-03-10,EUR/USD,1.0269
2024-03-10,GBP/USD,1.2228
2024-03-11,USD/JPY,155.1324
2024-03-11,EUR/JPY,154.3582
2024-03-11,GBP/JPY,175.6646
2024-03-11,AUD/JPY,100.3042
2024-03-11,EUR/USD,1.0596
2024-03-11,GBP/USD,1.2645
2024-03-12,USD/JPY,155.8269
2024-03-12,EUR/JPY,156.7465
2024-03-12,GBP/JPY,173.8804
2024-03-12,AUD/JPY,97.5829
2024-03-12,EUR/USD,1.05
2024-03-12,GBP/USD,1.3034
2024-03-13,USD/JPY,149.8413
2024-03-13,EUR/JPY,163.3319
2024-03-13,GBP/JPY,188.3118
2024-03-13,AUD/JPY,99.9756
2024-03-13,EUR/USD,1.0684
2024-03-13,GBP/USD,1.2061
2024-03-14,USD/JPY,143.1898
2024-03-14,EUR/JPY,154.467
2024-03-14,GBP/JPY,178.1173
2024-03-14,AUD/JPY,99.8469
2024-03-14,EUR/USD,1.0509
2024-03-14,GBP/USD,1.2072
2024-03-15,USD/JPY,148.671
2024-03-15,EUR/JPY,154.8033
2024-03-15,GBP/JPY,177.8757
2024-03-15,AUD/JPY,104.9849
2024-03-15,EUR/USD,1.1211
2024-03-15,GBP/USD,1.2151
2024-03-16,USD/JPY,149.5456
2024-03-16,EUR/JPY,154.8877
2024-03-16,GBP/JPY,181.3511
2024-03-16,AUD/JPY,102.4123
2024-03-16,EUR/USD,1.1112
2024-03-16,GBP/USD,1.3102
2024-03-17,USD/JPY,143.9912
2024-03-17,EUR/JPY,165.571
2024-03-17,GBP/JPY,171.5173
2024-03-17,AUD/JPY,97.1471
2024-03-17,EUR/USD,1.0778
2024-03-17,GBP/USD,1.2263
2024-03-18,USD/JPY,147.5132
2024-03-18,EUR/JPY,156.7373
2024-03-18,GBP/JPY,173.7077
2024-03-18,AUD/JPY,97.7448
2024-03-18,EUR/USD,1.0344
2024-03-18,GBP/USD,1.2303
2024-03-19,USD/JPY,151.756
2024-03-19,EUR/JPY,164.2248
2024-03-19,GBP/JPY,173.6944
2024-03-19,AUD/JPY,96.4645
2024-03-19,EUR/USD,1.0303
2024-03-19,GBP/USD,1.2024
2024-03-20,USD/JPY,142.8863
2024-03-20,EUR/JPY,165.6795
2024-03-20,GBP/JPY,185.5042
2024-03-20,AUD/JPY,99.7867
2024-03-20,EUR/USD,1.0658
2024-03-20,GBP/USD,1.2691
2024-03-21,USD/JPY,149.1845
2024-03-21,EUR/JPY,161.8229
2024-03-21,GBP/JPY,171.0838
2024-03-21,AUD/JPY,95.5771
2024-03-21,EUR/USD,1.0614
2024-03-21,GBP/USD,1.295
2024-03-22,USD/JPY,156.2064
2024-03-22,EUR/JPY,158.248
2024-03-22,GBP/JPY,185.8313
2024-03-22,AUD/JPY,102.4007
2024-03-22,EUR/USD,1.0713
2024-03-22,GBP/USD,1.2104
2024-03-23,USD/JPY,151.106
2024-03-23,EUR/JPY,154.7205
2024-03-23,GBP/JPY,186.9613
2024-03-23,AUD/JPY,104.4138
2024-03-23,EUR/USD,1.0858
2024-03-23,GBP/USD,1.2125
2024-03-24,USD/JPY,152.728
2024-03-24,EUR/JPY,159.4912
2024-03-24,GBP/JPY,176.326
2024-03-24,AUD/JPY,98.9545
2024-03-24,EUR/USD,1.133
2024-03-24,GBP/USD,1.2079
2024-03-25,USD/JPY,145.3347
2024-03-25,EUR/JPY,156.0386
2024-03-25,GBP/JPY,175.2989
2024-03-25,AUD/JPY,98.0228
2024-03-25,EUR/USD,1.0895
2024-03-25,GBP/USD,1.2579
2024-03-26,USD/JPY,155.5628
2024-03-26,EUR/JPY,164.0531
2024-03-26,GBP/JPY,185.9895
2024-03-26,AUD/JPY,100.3326
2024-03-26,EUR/USD,1.055
2024-03-26,GBP/USD,1.274
2024-03-27,USD/JPY,143.0836
2024-03-27,EUR/JPY,157.5006
2024-03-27,GBP/JPY,177.003
2024-03-27,AUD/JPY,99.1129
2024-03-27,EUR/USD,1.0308
2024-03-27,GBP/USD,1.2386
2024-03-28,USD/JPY,151.855
2024-03-28,EUR/JPY,154.1443
2024-03-28,GBP/JPY,181.2426
2024-03-28,AUD/JPY,95.6697
2024-03-28,EUR/USD,1.0268
2024-03-28,GBP/USD,1.1973
2024-03-29,USD/JPY,146.353
2024-03-29,EUR/JPY,161.8195
2024-03-29,GBP/JPY,182.2042
2024-03-29,AUD/JPY,103.6182
2024-03-29,EUR/USD,1.0784
2024-03-29,GBP/USD,1.2437
2024-03-30,USD/JPY,155.42
2024-03-30,EUR/JPY,164.693
2024-03-30,GBP/JPY,176.8751
2024-03-30,AUD/JPY,104.1775
2024-03-30,EUR/USD,1.0423
2024-03-30,GBP/USD,1.311
2024-03-31,USD/JPY,156.4868
2024-03-31,EUR/JPY,163.7748
2024-03-31,GBP/JPY,187.1725
2024-03-31,AUD/JPY,96.6384
2024-03-31,EUR/USD,1.1015
2024-03-31,GBP/USD,1.2257
2024-04-01,USD/JPY,143.7726
2024-04-01,EUR/JPY,155.3651
2024-04-01,GBP/JPY,187.1955
2024-04-01,AUD/JPY,103.4734
2024-04-01,EUR/USD,1.1029
2024-04-01,GBP/USD,1.1932
2024-04-02,USD/JPY,153.9701
2024-04-02,EUR/JPY,157.8072
2024-04-02,GBP/JPY,184.877
2024-04-02,AUD/JPY,96.4294
2024-04-02,EUR/USD,1.0386
2024-04-02,GBP/USD,1.2293
2024-04-03,USD/JPY,149.4737
2024-04-03,EUR/JPY,162.4605
2024-04-03,GBP/JPY,175.412
2024-04-03,AUD/JPY,101.1642
2024-04-03,EUR/USD,1.0379
2024-04-03,GBP/USD,1.2964
2024-04-04,USD/JPY,152.317
2024-04-04,EUR/JPY,157.8448
2024-04-04,GBP/JPY,177.6859
2024-04-04,AUD/JPY,101.5798
2024-04-04,EUR/USD,1.0416
2024-04-04,GBP/USD,1.23
2024-04-05,USD/JPY,154.1195
2024-04-05,EUR/JPY,164.4234
2024-04-05,GBP/JPY,174.8444
2024-04-05,AUD/JPY,101.0386
2024-04-05,EUR/USD,1.0923
2024-04-05,GBP/USD,1.2716
2024-04-06,USD/JPY,153.3393
2024-04-06,EUR/JPY,167.32
2024-04-06,GBP/JPY,187.9191
2024-04-06,AUD/JPY,95.0018
2024-04-06,EUR/USD,1.0754
2024-04-06,GBP/USD,1.2589
2024-04-07,USD/JPY,149.8958
2024-04-07,EUR/JPY,152.8769
2024-04-07,GBP/JPY,171.6436
2024-04-07,AUD/JPY,101.6699
2024-04-07,EUR/USD,1.0482
2024-04-07,GBP/USD,1.2208
2024-04-08,USD/JPY,144.9936
2024-04-08,EUR/JPY,157.7919
2024-04-08,GBP/JPY,187.8219
2024-04-08,AUD/JPY,96.394
2024-04-08,EUR/USD,1.1121
2024-04-08,GBP/USD,1.2904
2024-04-09,USD/JPY,148.0643
2024-04-09,EUR/JPY,152.9052
2024-04-09,GBP/JPY,180.9922
2024-04-09,AUD/JPY,102.1422
2024-04-09,EUR/USD,1.0761
2024-04-09,GBP/USD,1.2931
2024-04-10,USD/JPY,149.7647
2024-04-10,EUR/JPY,155.0584
2024-04-10,GBP/JPY,185.6853
2024-04-10,AUD/JPY,102.7674
2024-04-10,EUR/USD,1.124
2024-04-10,GBP/USD,1.3097
2024-04-11,USD/JPY,155.4967
2024-04-11,EUR/JPY,165.0442
2024-04-11,GBP/JPY,171.9854
2024-04-11,AUD/JPY,100.7932
2024-04-11,EUR/USD,1.0693
2024-04-11,GBP/USD,1.2483
2024-04-12,USD/JPY,146.9561
2024-04-12,EUR/JPY,165.9551
2024-04-12,GBP/JPY,176.0651
2024-04-12,AUD/JPY,104.104
2024-04-12,EUR/USD,1.0976
2024-04-12,GBP/USD,1.2071
2024-04-13,USD/JPY,143.1929
2024-04-13,EUR/JPY,162.2857
2024-04-13,GBP/JPY,187.3451
2024-04-13,AUD/JPY,104.1152
2024-04-13,EUR/USD,1.0911
2024-04-13,GBP/USD,1.2582
2024-04-14,USD/JPY,153.0664
2024-04-14,EUR/JPY,157.9642
2024-04-14,GBP/JPY,188.0568
2024-04-14,AUD/JPY,98.8922
2024-04-14,EUR/USD,1.1117
2024-04-14,GBP/USD,1.3103
2024-04-15,USD/JPY,156.1989
2024-04-15,EUR/JPY,153.5166
2024-04-15,GBP/JPY,181.3629
2024-04-15,AUD/JPY,97.8658
2024-04-15,EUR/USD,1.1243
2024-04-15,GBP/USD,1.2301
2024-04-16,USD/JPY,150.0722
2024-04-16,EUR/JPY,158.7809
2024-04-16,GBP/JPY,186.5251
2024-04-16,AUD/JPY,96.6535
2024-04-16,EUR/USD,1.0516
2024-04-16,GBP/USD,1.2977
2024-04-17,USD/JPY,154.2505
2024-04-17,EUR/JPY,162.3908
2024-04-17,GBP/JPY,184.9671
2024-04-17,AUD/JPY,95.0828
2024-04-17,EUR/USD,1.1224
2024-04-17,GBP/USD,1.2509
2024-04-18,USD/JPY,151.879
2024-04-18,EUR/JPY,161.5575
2024-04-18,GBP/JPY,186.4799
2024-04-18,AUD/JPY,100.6702
2024-04-18,EUR/USD,1.0994
2024-04-18,GBP/USD,1.2426
2024-04-19,USD/JPY,142.9866
2024-04-19,EUR/JPY,155.7508
2024-04-19,GBP/JPY,181.2592
2024-04-19,AUD/JPY,95.0296
2024-04-19,EUR/USD,1.0957
2024-04-19,GBP/USD,1.2239
2024-04-20,USD/JPY,146.7608
2024-04-20,EUR/JPY,163.2256
2024-04-20,GBP/JPY,172.5641
2024-04-20,AUD/JPY,98.6237
2024-04-20,EUR/USD,1.1149
2024-04-20,GBP/USD,1.2225
2024-04-21,USD/JPY,147.3506
2024-04-21,EUR/JPY,160.3588
2024-04-21,GBP/JPY,176.8255
2024-04-21,AUD/JPY,101.8411
2024-04-21,EUR/USD,1.0944
2024-04-21,GBP/USD,1.2342
2024-04-22,USD/JPY,145.629
2024-04-22,EUR/JPY,157.4211
2024-04-22,GBP/JPY,176.5221
2024-04-22,AUD/JPY,99.4518
2024-04-22,EUR/USD,1.0972
2024-04-22,GBP/USD,1.2254
2024-04-23,USD/JPY,153.7985
2024-04-23,EUR/JPY,163.7587
2024-04-23,GBP/JPY,177.986
2024-04-23,AUD/JPY,96.7325
2024-04-23,EUR/USD,1.0956
2024-04-23,GBP/USD,1.2769
2024-04-24,USD/JPY,143.6175
2024-04-24,EUR/JPY,159.4968
2024-04-24,GBP/JPY,176.7062
2024-04-24,AUD/JPY,98.036
2024-04-24,EUR/USD,1.1263
2024-04-24,GBP/USD,1.2196
2024-04-25,USD/JPY,152.4283
2024-04-25,EUR/JPY,161.0541
2024-04-25,GBP/JPY,179.3506
2024-04-25,AUD/JPY,102.7278
2024-04-25,EUR/USD,1.0557
2024-04-25,GBP/USD,1.2516
2024-04-26,USD/JPY,144.0058
2024-04-26,EUR/JPY,158.7494
2024-04-26,GBP/JPY,171.1925
2024-04-26,AUD/JPY,104.9476
2024-04-26,EUR/USD,1.0608
2024-04-26,GBP/USD,1.3103
2024-04-27,USD/JPY,154.3412
2024-04-27,EUR/JPY,158.2767
2024-04-27,GBP/JPY,185.9603
2024-04-27,AUD/JPY,96.8207
2024-04-27,EUR/USD,1.0879
2024-04-27,GBP/USD,1.255
2024-04-28,USD/JPY,142.5669
2024-04-28,EUR/JPY,158.1782
2024-04-28,GBP/JPY,184.607
2024-04-28,AUD/JPY,100.6213
2024-04-28,EUR/USD,1.0655
2024-04-28,GBP/USD,1.2524
2024-04-29,USD/JPY,155.9784
2024-04-29,EUR/JPY,155.1801
2024-04-29,GBP/JPY,176.2386
2024-04-29,AUD/JPY,100.6674
2024-04-29,EUR/USD,1.0311
2024-04-29,GBP/USD,1.3029
2024-04-30,USD/JPY,146.4753
2024-04-30,EUR/JPY,160.5016
2024-04-30,GBP/JPY,172.7736
2024-04-30,AUD/JPY,104.7675
2024-04-30,EUR/USD,1.0956
2024-04-30,GBP/USD,1.2635
2024-05-01,USD/JPY,148.4195
2024-05-01,EUR/JPY,165.2786
2024-05-01,GBP/JPY,180.2816
2024-05-01,AUD/JPY,95.241
2024-05-01,EUR/USD,1.0358
2024-05-01,GBP/USD,1.2423
2024-05-02,USD/JPY,157.1862
2024-05-02,EUR/JPY,156.9451
2024-05-02,GBP/JPY,183.4601
2024-05-02,AUD/JPY,101.4803
2024-05-02,EUR/USD,1.0899
2024-05-02,GBP/USD,1.1999
2024-05-03,USD/JPY,149.2371
2024-05-03,EUR/JPY,157.6965
2024-05-03,GBP/JPY,173.623
2024-05-03,AUD/JPY,102.8041
2024-05-03,EUR/USD,1.0377
2024-05-03,GBP/USD,1.3111
2024-05-04,USD/JPY,155.2864
2024-05-04,EUR/JPY,162.2566
2024-05-04,GBP/JPY,182.2777
2024-05-04,AUD/JPY,98.0259
2024-05-04,EUR/USD,1.0938
2024-05-04,GBP/USD,1.2112
2024-05-05,USD/JPY,145.4315
2024-05-05,EUR/JPY,157.6211
2024-05-05,GBP/JPY,187.1116
2024-05-05,AUD/JPY,99.8887
2024-05-05,EUR/USD,1.1159
2024-05-05,GBP/USD,1.2562
2024-05-06,USD/JPY,156.5112
2024-05-06,EUR/JPY,163.3176
2024-05-06,GBP/JPY,188.5954
2024-05-06,AUD/JPY,97.6518
2024-05-06,EUR/USD,1.0996
2024-05-06,GBP/USD,1.3011
2024-05-07,USD/JPY,143.1326
2024-05-07,EUR/JPY,167.2285
2024-05-07,GBP/JPY,184.6293
2024-05-07,AUD/JPY,100.3448
2024-05-07,EUR/USD,1.0262
2024-05-07,GBP/USD,1.2187
2024-05-08,USD/JPY,148.7049
2024-05-08,EUR/JPY,156.9923
2024-05-08,GBP/JPY,180.6848
2024-05-08,AUD/JPY,103.1365
2024-05-08,EUR/USD,1.0982
2024-05-08,GBP/USD,1.2152
2024-05-09,USD/JPY,151.0274
2024-05-09,EUR/JPY,154.0599
2024-05-09,GBP/JPY,173.8744
2024-05-09,AUD/JPY,101.4598
2024-05-09,EUR/USD,1.1046
2024-05-09,GBP/USD,1.242
2024-05-10,USD/JPY,142.6809
2024-05-10,EUR/JPY,167.4058
2024-05-10,GBP/JPY,174.6995
2024-05-10,AUD/JPY,103.2181
2024-05-10,EUR/USD,1.0378
2024-05-10,GBP/USD,1.3067
2024-05-11,USD/JPY,155.1036
2024-05-11,EUR/JPY,157.9513
2024-05-11,GBP/JPY,183.0049
2024-05-11,AUD/JPY,101.4736
2024-05-11,EUR/USD,1.0693
2024-05-11,GBP/USD,1.2403
2024-05-12,USD/JPY,154.1921
2024-05-12,EUR/JPY,158.3564
2024-05-12,GBP/JPY,182.5805
2024-05-12,AUD/JPY,103.3465
2024-05-12,EUR/USD,1.0512
2024-05-12,GBP/USD,1.3073
2024-05-13,USD/JPY,151.7005
2024-05-13,EUR/JPY,154.1615
2024-05-13,GBP/JPY,187.3257
2024-05-13,AUD/JPY,104.3805
2024-05-13,EUR/USD,1.129
2024-05-13,GBP/USD,1.2217
2024-05-14,USD/JPY,151.8114
2024-05-14,EUR/JPY,155.3588
2024-05-14,GBP/JPY,187.6899
2024-05-14,AUD/JPY,104.0103
2024-05-14,EUR/USD,1.1297
2024-05-14,GBP/USD,1.2586
2024-05-15,USD/JPY,156.4405
2024-05-15,EUR/JPY,164.1425
2024-05-15,GBP/JPY,174.3484
2024-05-15,AUD/JPY,97.5811
2024-05-15,EUR/USD,1.1246
2024-05-15,GBP/USD,1.1979
2024-05-16,USD/JPY,145.4113
2024-05-16,EUR/JPY,158.8467
2024-05-16,GBP/JPY,171.4172
2024-05-16,AUD/JPY,95.8591
2024-05-16,EUR/USD,1.1013
2024-05-16,GBP/USD,1.2234
2024-05-17,USD/JPY,156.6887
2024-05-17,EUR/JPY,162.8671
2024-05-17,GBP/JPY,187.5421
2024-05-17,AUD/JPY,104.3797
2024-05-17,EUR/USD,1.1023
2024-05-17,GBP/USD,1.1901
2024-05-18,USD/JPY,145.447
2024-05-18,EUR/JPY,154.5949
2024-05-18,GBP/JPY,181.685
2024-05-18,AUD/JPY,99.4828
2024-05-18,EUR/USD,1.0375
2024-05-18,GBP/USD,1.2092
2024-05-19,USD/JPY,147.5711
2024-05-19,EUR/JPY,161.4652
2024-05-19,GBP/JPY,188.8142
2024-05-19,AUD/JPY,101.6651
2024-05-19,EUR/USD,1.0531
2024-05-19,GBP/USD,1.3041
2024-05-20,USD/JPY,145.5508
2024-05-20,EUR/JPY,156.091
2024-05-20,GBP/JPY,185.6067
2024-05-20,AUD/JPY,101.4423
2024-05-20,EUR/USD,1.0556
2024-05-20,GBP/USD,1.1966
2024-05-21,USD/JPY,150.3081
2024-05-21,EUR/JPY,156.2479
2024-05-21,GBP/JPY,182.0692
2024-05-21,AUD/JPY,102.4611
2024-05-21,EUR/USD,1.1115
2024-05-21,GBP/USD,1.2518
2024-05-22,USD/JPY,143.6253
2024-05-22,EUR/JPY,154.2802
2024-05-22,GBP/JPY,181.9744
2024-05-22,AUD/JPY,102.8742
2024-05-22,EUR/USD,1.0781
2024-05-22,GBP/USD,1.2634
2024-05-23,USD/JPY,146.7509
2024-05-23,EUR/JPY,155.7204
2024-05-23,GBP/JPY,188.2957
2024-05-23,AUD/JPY,95.431
2024-05-23,EUR/USD,1.0825
2024-05-23,GBP/USD,1.2925
2024-05-24,USD/JPY,150.4626
2024-05-24,EUR/JPY,159.7737
2024-05-24,GBP/JPY,173.1609
2024-05-24,AUD/JPY,96.1741
2024-05-24,EUR/USD,1.1081
2024-05-24,GBP/USD,1.2496
2024-05-25,USD/JPY,156.7828
2024-05-25,EUR/JPY,161.7218
2024-05-25,GBP/JPY,176.0703
2024-05-25,AUD/JPY,97.3536
2024-05-25,EUR/USD,1.0709
2024-05-25,GBP/USD,1.29
2024-05-26,USD/JPY,154.1547
2024-05-26,EUR/JPY,167.2907
2024-05-26,GBP/JPY,172.2632
2024-05-26,AUD/JPY,103.9051
2024-05-26,EUR/USD,1.1042
2024-05-26,GBP/USD,1.2669
2024-05-27,USD/JPY,146.7309
2024-05-27,EUR/JPY,157.8987
2024-05-27,GBP/JPY,181.6772
2024-05-27,AUD/JPY,99.9149
2024-05-27,EUR/USD,1.0431
2024-05-27,GBP/USD,1.2796
2024-05-28,USD/JPY,151.0055
2024-05-28,EUR/JPY,159.8398
2024-05-28,GBP/JPY,188.4584
2024-05-28,AUD/JPY,97.6083
2024-05-28,EUR/USD,1.0831
2024-05-28,GBP/USD,1.2456
2024-05-29,USD/JPY,146.7643
2024-05-29,EUR/JPY,153.7215
2024-05-29,GBP/JPY,179.1118
2024-05-29,AUD/JPY,99.2856
2024-05-29,EUR/USD,1.0747
2024-05-29,GBP/USD,1.305
2024-05-30,USD/JPY,145.0401
2024-05-30,EUR/JPY,166.9515
2024-05-30,GBP/JPY,171.2496
2024-05-30,AUD/JPY,99.9296
2024-05-30,EUR/USD,1.0326
2024-05-30,GBP/USD,1.3056
2024-05-31,USD/JPY,147.1822
2024-05-31,EUR/JPY,154.0198
2024-05-31,GBP/JPY,174.4741
2024-05-31,AUD/JPY,97.6856
2024-05-31,EUR/USD,1.0578
2024-05-31,GBP/USD,1.2522
2024-06-01,USD/JPY,157.2002
2024-06-01,EUR/JPY,162.8097
2024-06-01,GBP/JPY,176.6723
2024-06-01,AUD/JPY,102.1608
2024-06-01,EUR/USD,1.0305
2024-06-01,GBP/USD,1.2436
2024-06-02,USD/JPY,148.9846
2024-06-02,EUR/JPY,157.6593
2024-06-02,GBP/JPY,172.7823
2024-06-02,AUD/JPY,104.2723
2024-06-02,EUR/USD,1.1098
2024-06-02,GBP/USD,1.2014
2024-06-03,USD/JPY,153.6202
2024-06-03,EUR/JPY,163.4366
2024-06-03,GBP/JPY,187.4433
2024-06-03,AUD/JPY,99.9859
2024-06-03,EUR/USD,1.0489
2024-06-03,GBP/USD,1.2635
2024-06-04,USD/JPY,148.9418
2024-06-04,EUR/JPY,157.052
2024-06-04,GBP/JPY,175.8987
2024-06-04,AUD/JPY,102.974
2024-06-04,EUR/USD,1.0613
2024-06-04,GBP/USD,1.2104
2024-06-05,USD/JPY,156.5222
2024-06-05,EUR/JPY,156.39
2024-06-05,GBP/JPY,172.8127
2024-06-05,AUD/JPY,101.4668
2024-06-05,EUR/USD,1.073
2024-06-05,GBP/USD,1.254
2024-06-06,USD/JPY,153.9619
2024-06-06,EUR/JPY,154.0059
2024-06-06,GBP/JPY,181.8422
2024-06-06,AUD/JPY,98.2648
2024-06-06,EUR/USD,1.1307
2024-06-06,GBP/USD,1.2213
2024-06-07,USD/JPY,150.978
2024-06-07,EUR/JPY,154.7562
2024-06-07,GBP/JPY,186.9571
2024-06-07,AUD/JPY,97.3885
2024-06-07,EUR/USD,1.0599
2024-06-07,GBP/USD,1.2289
2024-06-08,USD/JPY,155.0921
2024-06-08,EUR/JPY,164.7721
2024-06-08,GBP/JPY,180.3993
2024-06-08,AUD/JPY,95.3078
2024-06-08,EUR/USD,1.0353
2024-06-08,GBP/USD,1.3013
2024-06-09,USD/JPY,151.2777
2024-06-09,EUR/JPY,153.4088
2024-06-09,GBP/JPY,187.9566
2024-06-09,AUD/JPY,101.303
2024-06-09,EUR/USD,1.1228
2024-06-09,GBP/USD,1.2548
2024-06-10,USD/JPY,147.3689
2024-06-10,EUR/JPY,154.5575
2024-06-10,GBP/JPY,180.6523
2024-06-10,AUD/JPY,96.0579
2024-06-10,EUR/USD,1.0558
2024-06-10,GBP/USD,1.2244
2024-06-11,USD/JPY,146.0833
2024-06-11,EUR/JPY,160.0037
2024-06-11,GBP/JPY,171.7902
2024-06-11,AUD/JPY,98.7618
2024-06-11,EUR/USD,1.073
2024-06-11,GBP/USD,1.2691
2024-06-12,USD/JPY,149.5399
2024-06-12,EUR/JPY,164.2077
2024-06-12,GBP/JPY,187.1602
2024-06-12,AUD/JPY,104.2007
2024-06-12,EUR/USD,1.1158
2024-06-12,GBP/USD,1.3122
2024-06-13,USD/JPY,144.5639
2024-06-13,EUR/JPY,165.5436
2024-06-13,GBP/JPY,178.8845
2024-06-13,AUD/JPY,101.8064
2024-06-13,EUR/USD,1.0922
2024-06-13,GBP/USD,1.2019
2024-06-14,USD/JPY,151.151
2024-06-14,EUR/JPY,157.2659
2024-06-14,GBP/JPY,182.4391
2024-06-14,AUD/JPY,100.9299
2024-06-14,EUR/USD,1.1271
2024-06-14,GBP/USD,1.3
2024-06-15,USD/JPY,155.434
2024-06-15,EUR/JPY,155.3903
2024-06-15,GBP/JPY,187.8509
2024-06-15,AUD/JPY,102.5663
2024-06-15,EUR/USD,1.0984
2024-06-15,GBP/USD,1.2734
2024-06-16,USD/JPY,155.9132
2024-06-16,EUR/JPY,156.0273
2024-06-16,GBP/JPY,180.6297
2024-06-16,AUD/JPY,101.8591
2024-06-16,EUR/USD,1.0931
2024-06-16,GBP/USD,1.3027
2024-06-17,USD/JPY,157.2936
2024-06-17,EUR/JPY,164.3117
2024-06-17,GBP/JPY,180.3287
2024-06-17,AUD/JPY,104.2353
2024-06-17,EUR/USD,1.0585
2024-06-17,GBP/USD,1.2401
2024-06-18,USD/JPY,153.1541
2024-06-18,EUR/JPY,159.7822
2024-06-18,GBP/JPY,183.866
2024-06-18,AUD/JPY,97.2145
2024-06-18,EUR/USD,1.0338
2024-06-18,GBP/USD,1.1999
2024-06-19,USD/JPY,149.0482
2024-06-19,EUR/JPY,164.4847
2024-06-19,GBP/JPY,175.6471
2024-06-19,AUD/JPY,101.716
2024-06-19,EUR/USD,1.035
2024-06-19,GBP/USD,1.3089
2024-06-20,USD/JPY,153.4649
2024-06-20,EUR/JPY,163.5899
2024-06-20,GBP/JPY,172.0928
2024-06-20,AUD/JPY,102.1933
2024-06-20,EUR/USD,1.0329
2024-06-20,GBP/USD,1.2042
2024-06-21,USD/JPY,142.9625
2024-06-21,EUR/JPY,154.4844
2024-06-21,GBP/JPY,175.1289
2024-06-21,AUD/JPY,97.4455
2024-06-21,EUR/USD,1.1232
2024-06-21,GBP/USD,1.1888
2024-06-22,USD/JPY,152.1898
2024-06-22,EUR/JPY,160.1704
2024-06-22,GBP/JPY,182.0234
2024-06-22,AUD/JPY,95.954
2024-06-22,EUR/USD,1.0421
2024-06-22,GBP/USD,1.2069
2024-06-23,USD/JPY,145.7606
2024-06-23,EUR/JPY,152.0866
2024-06-23,GBP/JPY,184.2042
2024-06-23,AUD/JPY,98.2513
2024-06-23,EUR/USD,1.056
2024-06-23,GBP/USD,1.1935
2024-06-24,USD/JPY,148.7229
2024-06-24,EUR/JPY,165.0342
2024-06-24,GBP/JPY,172.0204
2024-06-24,AUD/JPY,104.5018
2024-06-24,EUR/USD,1.074
2024-06-24,GBP/USD,1.2163
2024-06-25,USD/JPY,150.1631
2024-06-25,EUR/JPY,157.4019
2024-06-25,GBP/JPY,185.2327
2024-06-25,AUD/JPY,104.9639
2024-06-25,EUR/USD,1.0805
2024-06-25,GBP/USD,1.309
2024-06-26,USD/JPY,156.459
2024-06-26,EUR/JPY,159.1694
2024-06-26,GBP/JPY,188.1391
2024-06-26,AUD/JPY,102.4905
2024-06-26,EUR/USD,1.0432
2024-06-26,GBP/USD,1.2521
2024-06-27,USD/JPY,146.7323
2024-06-27,EUR/JPY,157.8686
2024-06-27,GBP/JPY,182.3789
2024-06-27,AUD/JPY,102.0017
2024-06-27,EUR/USD,1.0669
2024-06-27,GBP/USD,1.31
2024-06-28,USD/JPY,148.7812
2024-06-28,EUR/JPY,162.6257
2024-06-28,GBP/JPY,173.9058
2024-06-28,AUD/JPY,96.4444
2024-06-28,EUR/USD,1.0378
2024-06-28,GBP/USD,1.3065
2024-06-29,USD/JPY,145.5963
2024-06-29,EUR/JPY,153.7635
2024-06-29,GBP/JPY,188.4666
2024-06-29,AUD/JPY,101.8543
2024-06-29,EUR/USD,1.1047
2024-06-29,GBP/USD,1.1982
2024-06-30,USD/JPY,143.4633
2024-06-30,EUR/JPY,167.064
2024-06-30,GBP/JPY,188.9163
2024-06-30,AUD/JPY,104.8426
2024-06-30,EUR/USD,1.0547
2024-06-30,GBP/USD,1.2807
2024-07-01,USD/JPY,153.7851
2024-07-01,EUR/JPY,162.1562
2024-07-01,GBP/JPY,186.0067
2024-07-01,AUD/JPY,100.1705
2024-07-01,EUR/USD,1.0301
2024-07-01,GBP/USD,1.3121
2024-07-02,USD/JPY,156.0184
2024-07-02,EUR/JPY,153.5513
2024-07-02,GBP/JPY,179.404
2024-07-02,AUD/JPY,103.5734
2024-07-02,EUR/USD,1.1138
2024-07-02,GBP/USD,1.2428
2024-07-03,USD/JPY,145.6954
2024-07-03,EUR/JPY,156.1788
2024-07-03,GBP/JPY,171.7678
2024-07-03,AUD/JPY,100.6258
2024-07-03,EUR/USD,1.1192
2024-07-03,GBP/USD,1.2574
2024-07-04,USD/JPY,145.7746
2024-07-04,EUR/JPY,164.7847
2024-07-04,GBP/JPY,176.6486
2024-07-04,AUD/JPY,95.2624
2024-07-04,EUR/USD,1.0334
2024-07-04,GBP/USD,1.2123
2024-07-05,USD/JPY,148.2742
2024-07-05,EUR/JPY,152.7389
2024-07-05,GBP/JPY,186.9923
2024-07-05,AUD/JPY,98.2081
2024-07-05,EUR/USD,1.0597
2024-07-05,GBP/USD,1.234
2024-07-06,USD/JPY,155.2938
2024-07-06,EUR/JPY,157.5415
2024-07-06,GBP/JPY,175.8239
2024-07-06,AUD/JPY,99.9553
2024-07-06,EUR/USD,1.0492
2024-07-06,GBP/USD,1.2717
2024-07-07,USD/JPY,148.2059
2024-07-07,EUR/JPY,158.8211
2024-07-07,GBP/JPY,174.3307
2024-07-07,AUD/JPY,101.5236
2024-07-07,EUR/USD,1.0858
2024-07-07,GBP/USD,1.3003
2024-07-08,USD/JPY,152.1504
2024-07-08,EUR/JPY,155.5981
2024-07-08,GBP/JPY,180.8223
2024-07-08,AUD/JPY,95.4413
2024-07-08,EUR/USD,1.0346
2024-07-08,GBP/USD,1.3034
2024-07-09,USD/JPY,145.238
2024-07-09,EUR/JPY,161.7401
2024-07-09,GBP/JPY,180.1788
2024-07-09,AUD/JPY,97.6584
2024-07-09,EUR/USD,1.0595
2024-07-09,GBP/USD,1.2692
2024-07-10,USD/JPY,145.6449
2024-07-10,EUR/JPY,153.984
2024-07-10,GBP/JPY,174.037
2024-07-10,AUD/JPY,98.0332
2024-07-10,EUR/USD,1.1297
2024-07-10,GBP/USD,1.3063
2024-07-11,USD/JPY,157.4958
2024-07-11,EUR/JPY,154.7935
2024-07-11,GBP/JPY,177.1858
2024-07-11,AUD/JPY,98.1027
2024-07-11,EUR/USD,1.0756
2024-07-11,GBP/USD,1.2629
2024-07-12,USD/JPY,156.818
2024-07-12,EUR/JPY,152.8716
2024-07-12,GBP/JPY,173.0732
2024-07-12,AUD/JPY,103.622
2024-07-12,EUR/USD,1.0622
2024-07-12,GBP/USD,1.269
2024-07-13,USD/JPY,151.7425
2024-07-13,EUR/JPY,160.7781
2024-07-13,GBP/JPY,181.7067
2024-07-13,AUD/JPY,98.916
2024-07-13,EUR/USD,1.044
2024-07-13,GBP/USD,1.2033
2024-07-14,USD/JPY,149.5888
2024-07-14,EUR/JPY,166.5861
2024-07-14,GBP/JPY,185.585
2024-07-14,AUD/JPY,104.3222
2024-07-14,EUR/USD,1.0733
2024-07-14,GBP/USD,1.2186
2024-07-15,USD/JPY,142.6348
2024-07-15,EUR/JPY,163.9144
2024-07-15,GBP/JPY,172.9394
2024-07-15,AUD/JPY,99.3646
2024-07-15,EUR/USD,1.0983
2024-07-15,GBP/USD,1.3104
2024-07-16,USD/JPY,155.4076
2024-07-16,EUR/JPY,156.5249
2024-07-16,GBP/JPY,174.8236
2024-07-16,AUD/JPY,95.1408
2024-07-16,EUR/USD,1.0505
2024-07-16,GBP/USD,1.2508
2024-07-17,USD/JPY,154.64
2024-07-17,EUR/JPY,155.4067
2024-07-17,GBP/JPY,180.629
2024-07-17,AUD/JPY,95.7048
2024-07-17,EUR/USD,1.0969
2024-07-17,GBP/USD,1.2537
2024-07-18,USD/JPY,153.5825
2024-07-18,EUR/JPY,163.5445
2024-07-18,GBP/JPY,181.4452
2024-07-18,AUD/JPY,95.8062
2024-07-18,EUR/USD,1.1293
2024-07-18,GBP/USD,1.2979
2024-07-19,USD/JPY,157.1578
2024-07-19,EUR/JPY,157.3743
2024-07-19,GBP/JPY,172.6109
2024-07-19,AUD/JPY,102.4431
2024-07-19,EUR/USD,1.1206
2024-07-19,GBP/USD,1.211
2024-07-20,USD/JPY,154.0992
2024-07-20,EUR/JPY,161.6575
2024-07-20,GBP/JPY,188.6275
2024-07-20,AUD/JPY,101.4428
2024-07-20,EUR/USD,1.1315
2024-07-20,GBP/USD,1.2743
2024-07-21,USD/JPY,148.7881
2024-07-21,EUR/JPY,161.3584
2024-07-21,GBP/JPY,175.524
2024-07-21,AUD/JPY,99.4122
2024-07-21,EUR/USD,1.0672
2024-07-21,GBP/USD,1.293
2024-07-22,USD/JPY,143.223
2024-07-22,EUR/JPY,162.249
2024-07-22,GBP/JPY,186.4193
2024-07-22,AUD/JPY,104.6534
2024-07-22,EUR/USD,1.0791
2024-07-22,GBP/USD,1.1999
2024-07-23,USD/JPY,152.3577
2024-07-23,EUR/JPY,158.3642
2024-07-23,GBP/JPY,175.2899
2024-07-23,AUD/JPY,96.408
2024-07-23,EUR/USD,1.0378
2024-07-23,GBP/USD,1.2525
2024-07-24,USD/JPY,156.8852
2024-07-24,EUR/JPY,164.2135
2024-07-24,GBP/JPY,183.5247
2024-07-24,AUD/JPY,104.8174
2024-07-24,EUR/USD,1.1312
2024-07-24,GBP/USD,1.2567
2024-07-25,USD/JPY,155.2022
2024-07-25,EUR/JPY,161.6235
2024-07-25,GBP/JPY,171.9652
2024-07-25,AUD/JPY,99.7042
2024-07-25,EUR/USD,1.0302
2024-07-25,GBP/USD,1.2703
2024-07-26,USD/JPY,153.1069
2024-07-26,EUR/JPY,161.3991
2024-07-26,GBP/JPY,172.2546
2024-07-26,AUD/JPY,95.4803
2024-07-26,EUR/USD,1.1092
2024-07-26,GBP/USD,1.248
2024-07-27,USD/JPY,147.6997
2024-07-27,EUR/JPY,161.8885
2024-07-27,GBP/JPY,176.9368
2024-07-27,AUD/JPY,95.2205
2024-07-27,EUR/USD,1.1052
2024-07-27,GBP/USD,1.2365
2024-07-28,USD/JPY,153.5735
2024-07-28,EUR/JPY,155.145
2024-07-28,GBP/JPY,183.2351
2024-07-28,AUD/JPY,100.4557
2024-07-28,EUR/USD,1.1018
2024-07-28,GBP/USD,1.2313
2024-07-29,USD/JPY,142.7052
2024-07-29,EUR/JPY,165.198
2024-07-29,GBP/JPY,184.8402
2024-07-29,AUD/JPY,97.8747
2024-07-29,EUR/USD,1.0789
2024-07-29,GBP/USD,1.2482
2024-07-30,USD/JPY,155.3663
2024-07-30,EUR/JPY,157.727
2024-07-30,GBP/JPY,171.7325
2024-07-30,AUD/JPY,99.5987
2024-07-30,EUR/USD,1.0757
2024-07-30,GBP/USD,1.1919
2024-07-31,USD/JPY,153.2998
2024-07-31,EUR/JPY,165.3174
2024-07-31,GBP/JPY,188.3749
2024-07-31,AUD/JPY,101.3731
2024-07-31,EUR/USD,1.106
2024-07-31,GBP/USD,1.228
2024-08-01,USD/JPY,154.3586
2024-08-01,EUR/JPY,167.7216
2024-08-01,GBP/JPY,181.3414
2024-08-01,AUD/JPY,103.4571
2024-08-01,EUR/USD,1.0907
2024-08-01,GBP/USD,1.2207
2024-08-02,USD/JPY,155.0887
2024-08-02,EUR/JPY,161.7036
2024-08-02,GBP/JPY,187.3277
2024-08-02,AUD/JPY,96.1064
2024-08-02,EUR/USD,1.0681
2024-08-02,GBP/USD,1.2224
2024-08-03,USD/JPY,153.3929
2024-08-03,EUR/JPY,159.9365
2024-08-03,GBP/JPY,182.062
2024-08-03,AUD/JPY,101.3861
2024-08-03,EUR/USD,1.1257
2024-08-03,GBP/USD,1.2364
2024-08-04,USD/JPY,149.0771
2024-08-04,EUR/JPY,153.8771
2024-08-04,GBP/JPY,188.5859
2024-08-04,AUD/JPY,97.3204
2024-08-04,EUR/USD,1.0874
2024-08-04,GBP/USD,1.2285
2024-08-05,USD/JPY,146.4279
2024-08-05,EUR/JPY,167.7221
2024-08-05,GBP/JPY,179.6972
2024-08-05,AUD/JPY,103.6281
2024-08-05,EUR/USD,1.0781
2024-08-05,GBP/USD,1.2221
2024-08-06,USD/JPY,152.3466
2024-08-06,EUR/JPY,163.5418
2024-08-06,GBP/JPY,181.0693
2024-08-06,AUD/JPY,98.662
2024-08-06,EUR/USD,1.0829
2024-08-06,GBP/USD,1.2939
2024-08-07,USD/JPY,150.0465
2024-08-07,EUR/JPY,167.9288
2024-08-07,GBP/JPY,175.7124
2024-08-07,AUD/JPY,100.0433
2024-08-07,EUR/USD,1.11
2024-08-07,GBP/USD,1.283
2024-08-08,USD/JPY,155.936
2024-08-08,EUR/JPY,160.9812
2024-08-08,GBP/JPY,172.2314
2024-08-08,AUD/JPY,95.375
2024-08-08,EUR/USD,1.1061
2024-08-08,GBP/USD,1.2857
2024-08-09,USD/JPY,151.8104
2024-08-09,EUR/JPY,161.9662
2024-08-09,GBP/JPY,187.2818
2024-08-09,AUD/JPY,103.8194
2024-08-09,EUR/USD,1.0474
2024-08-09,GBP/USD,1.2125
2024-08-10,USD/JPY,145.5617
2024-08-10,EUR/JPY,158.6652
2024-08-10,GBP/JPY,177.1653
2024-08-10,AUD/JPY,102.6969
2024-08-10,EUR/USD,1.1088
2024-08-10,GBP/USD,1.2404
2024-08-11,USD/JPY,150.287
2024-08-11,EUR/JPY,164.635
2024-08-11,GBP/JPY,175.8662
2024-08-11,AUD/JPY,103.7415
2024-08-11,EUR/USD,1.1328
2024-08-11,GBP/USD,1.2018
2024-08-12,USD/JPY,150.7231
2024-08-12,EUR/JPY,158.8915
2024-08-12,GBP/JPY,181.5724
2024-08-12,AUD/JPY,96.8635
2024-08-12,EUR/USD,1.0783
2024-08-12,GBP/USD,1.2394
2024-08-13,USD/JPY,148.0908
2024-08-13,EUR/JPY,160.8708
2024-08-13,GBP/JPY,180.3441
2024-08-13,AUD/JPY,102.9518
2024-08-13,EUR/USD,1.1073
2024-08-13,GBP/USD,1.2531
2024-08-14,USD/JPY,153.8452
2024-08-14,EUR/JPY,165.4367
2024-08-14,GBP/JPY,173.4243
2024-08-14,AUD/JPY,102.782
2024-08-14,EUR/USD,1.0572
2024-08-14,GBP/USD,1.2567
2024-08-15,USD/JPY,156.4373
2024-08-15,EUR/JPY,163.7766
2024-08-15,GBP/JPY,180.3658
2024-08-15,AUD/JPY,104.6046
2024-08-15,EUR/USD,1.0295
2024-08-15,GBP/USD,1.2051
2024-08-16,USD/JPY,151.9015
2024-08-16,EUR/JPY,156.3165
2024-08-16,GBP/JPY,178.3454
2024-08-16,AUD/JPY,102.7392
2024-08-16,EUR/USD,1.0746
2024-08-16,GBP/USD,1.1917
2024-08-17,USD/JPY,149.0644
2024-08-17,EUR/JPY,163.9064
2024-08-17,GBP/JPY,177.0031
2024-08-17,AUD/JPY,102.8337
2024-08-17,EUR/USD,1.0826
2024-08-17,GBP/USD,1.2868
2024-08-18,USD/JPY,153.9987
2024-08-18,EUR/JPY,154.1758
2024-08-18,GBP/JPY,172.0381
2024-08-18,AUD/JPY,100.9408
2024-08-18,EUR/USD,1.0457
2024-08-18,GBP/USD,1.217
2024-08-19,USD/JPY,144.0607
2024-08-19,EUR/JPY,159.5383
2024-08-19,GBP/JPY,173.2105
2024-08-19,AUD/JPY,101.174
2024-08-19,EUR/USD,1.0761
2024-08-19,GBP/USD,1.2275
2024-08-20,USD/JPY,155.455
2024-08-20,EUR/JPY,158.0225
2024-08-20,GBP/JPY,179.4281
2024-08-20,AUD/JPY,101.4929
2024-08-20,EUR/USD,1.0297
2024-08-20,GBP/USD,1.2554
2024-08-21,USD/JPY,154.7863
2024-08-21,EUR/JPY,166.5208
2024-08-21,GBP/JPY,172.915
2024-08-21,AUD/JPY,96.1437
2024-08-21,EUR/USD,1.0682
2024-08-21,GBP/USD,1.2939
2024-08-22,USD/JPY,154.656
2024-08-22,EUR/JPY,161.0682
2024-08-22,GBP/JPY,186.9713
2024-08-22,AUD/JPY,96.7628
2024-08-22,EUR/USD,1.085
2024-08-22,GBP/USD,1.2885
2024-08-23,USD/JPY,147.6388
2024-08-23,EUR/JPY,159.375
2024-08-23,GBP/JPY,175.9408
2024-08-23,AUD/JPY,100.3669
2024-08-23,EUR/USD,1.057
2024-08-23,GBP/USD,1.2919
2024-08-24,USD/JPY,146.7287
2024-08-24,EUR/JPY,163.029
2024-08-24,GBP/JPY,187.6708
2024-08-24,AUD/JPY,104.988
2024-08-24,EUR/USD,1.1279
2024-08-24,GBP/USD,1.2702
2024-08-25,USD/JPY,142.7909
2024-08-25,EUR/JPY,166.4354
2024-08-25,GBP/JPY,175.9206
2024-08-25,AUD/JPY,101.5417
2024-08-25,EUR/USD,1.0285
2024-08-25,GBP/USD,1.3038
2024-08-26,USD/JPY,148.177
2024-08-26,EUR/JPY,154.2635
2024-08-26,GBP/JPY,172.8257
2024-08-26,AUD/JPY,96.9297
2024-08-26,EUR/USD,1.049
2024-08-26,GBP/USD,1.2658
2024-08-27,USD/JPY,153.739
2024-08-27,EUR/JPY,154.3579
2024-08-27,GBP/JPY,188.9618
2024-08-27,AUD/JPY,99.9088
2024-08-27,EUR/USD,1.0352
2024-08-27,GBP/USD,1.2204
2024-08-28,USD/JPY,149.7429
2024-08-28,EUR/JPY,165.8294
2024-08-28,GBP/JPY,187.7615
2024-08-28,AUD/JPY,102.7678
2024-08-28,EUR/USD,1.0311
2024-08-28,GBP/USD,1.2372
2024-08-29,USD/JPY,145.2503
2024-08-29,EUR/JPY,154.4934
2024-08-29,GBP/JPY,184.4157
2024-08-29,AUD/JPY,104.7866
2024-08-29,EUR/USD,1.1091
2024-08-29,GBP/USD,1.2506
2024-08-30,USD/JPY,150.6209
2024-08-30,EUR/JPY,162.2245
2024-08-30,GBP/JPY,184.4041
2024-08-30,AUD/JPY,100.6285
2024-08-30,EUR/USD,1.0712
2024-08-30,GBP/USD,1.2864
2024-08-31,USD/JPY,156.524
2024-08-31,EUR/JPY,165.6042
2024-08-31,GBP/JPY,187.1258
2024-08-31,AUD/JPY,98.87
2024-08-31,EUR/USD,1.1048
2024-08-31,GBP/USD,1.2403
2024-09-01,USD/JPY,147.8216
2024-09-01,EUR/JPY,156.2348
2024-09-01,GBP/JPY,185.4889
2024-09-01,AUD/JPY,101.9066
2024-09-01,EUR/USD,1.0822
2024-09-01,GBP/USD,1.189
2024-09-02,USD/JPY,143.4822
2024-09-02,EUR/JPY,154.6734
2024-09-02,GBP/JPY,171.7963
2024-09-02,AUD/JPY,97.0291
2024-09-02,EUR/USD,1.1075
2024-09-02,GBP/USD,1.1961
2024-09-03,USD/JPY,144.4687
2024-09-03,EUR/JPY,165.5531
2024-09-03,GBP/JPY,187.7671
2024-09-03,AUD/JPY,104.3392
2024-09-03,EUR/USD,1.0377
2024-09-03,GBP/USD,1.3038
2024-09-04,USD/JPY,143.9472
2024-09-04,EUR/JPY,161.3631
2024-09-04,GBP/JPY,185.7191
2024-09-04,AUD/JPY,101.9883
2024-09-04,EUR/USD,1.0576
2024-09-04,GBP/USD,1.1965
2024-09-05,USD/JPY,149.4055
2024-09-05,EUR/JPY,159.681
2024-09-05,GBP/JPY,177.362
2024-09-05,AUD/JPY,96.1208
2024-09-05,EUR/USD,1.0396
2024-09-05,GBP/USD,1.3032
2024-09-06,USD/JPY,157.4374
2024-09-06,EUR/JPY,164.5256
2024-09-06,GBP/JPY,172.5152
2024-09-06,AUD/JPY,101.4453
2024-09-06,EUR/USD,1.0332
2024-09-06,GBP/USD,1.2662
2024-09-07,USD/JPY,153.4934
2024-09-07,EUR/JPY,165.3508
2024-09-07,GBP/JPY,186.249
2024-09-07,AUD/JPY,98.0667
2024-09-07,EUR/USD,1.0664
2024-09-07,GBP/USD,1.1922
2024-09-08,USD/JPY,145.5298
2024-09-08,EUR/JPY,157.004
2024-09-08,GBP/JPY,173.4089
2024-09-08,AUD/JPY,97.4544
2024-09-08,EUR/USD,1.1332
2024-09-08,GBP/USD,1.2227
2024-09-09,USD/JPY,150.1838
2024-09-09,EUR/JPY,167.0773
2024-09-09,GBP/JPY,186.0739
2024-09-09,AUD/JPY,99.9316
2024-09-09,EUR/USD,1.0549
2024-09-09,GBP/USD,1.2437
2024-09-10,USD/JPY,144.3137
2024-09-10,EUR/JPY,167.1391
2024-09-10,GBP/JPY,174.0481
2024-09-10,AUD/JPY,99.2059
2024-09-10,EUR/USD,1.0452
2024-09-10,GBP/USD,1.2586
2024-09-11,USD/JPY,143.8634
2024-09-11,EUR/JPY,159.0968
2024-09-11,GBP/JPY,182.1227
2024-09-11,AUD/JPY,102.4375
2024-09-11,EUR/USD,1.1036
2024-09-11,GBP/USD,1.2191
2024-09-12,USD/JPY,149.2759
2024-09-12,EUR/JPY,155.8987
2024-09-12,GBP/JPY,179.6694
2024-09-12,AUD/JPY,103.2081
2024-09-12,EUR/USD,1.0748
2024-09-12,GBP/USD,1.1911
2024-09-13,USD/JPY,144.1375
2024-09-13,EUR/JPY,161.7636
2024-09-13,GBP/JPY,184.4133
2024-09-13,AUD/JPY,100.921
2024-09-13,EUR/USD,1.068
2024-09-13,GBP/USD,1.2882
2024-09-14,USD/JPY,142.7058
2024-09-14,EUR/JPY,160.3462
2024-09-14,GBP/JPY,188.5747
2024-09-14,AUD/JPY,100.3996
2024-09-14,EUR/USD,1.1272
2024-09-14,GBP/USD,1.3039
2024-09-15,USD/JPY,151.4088
2024-09-15,EUR/JPY,161.6892
2024-09-15,GBP/JPY,177.9601
2024-09-15,AUD/JPY,101.0529
2024-09-15,EUR/USD,1.095
2024-09-15,GBP/USD,1.304
2024-09-16,USD/JPY,148.3404
2024-09-16,EUR/JPY,164.2481
2024-09-16,GBP/JPY,188.7419
2024-09-16,AUD/JPY,100.3832
2024-09-16,EUR/USD,1.0412
2024-09-16,GBP/USD,1.1887
2024-09-17,USD/JPY,153.7866
2024-09-17,EUR/JPY,158.3449
2024-09-17,GBP/JPY,171.058
2024-09-17,AUD/JPY,95.463
2024-09-17,EUR/USD,1.0506
2024-09-17,GBP/USD,1.26
2024-09-18,USD/JPY,151.0493
2024-09-18,EUR/JPY,154.0297
2024-09-18,GBP/JPY,177.3742
2024-09-18,AUD/JPY,97.755
2024-09-18,EUR/USD,1.0982
2024-09-18,GBP/USD,1.2009
2024-09-19,USD/JPY,154.247
2024-09-19,EUR/JPY,161.0649
2024-09-19,GBP/JPY,171.0686
2024-09-19,AUD/JPY,102.4062
2024-09-19,EUR/USD,1.0964
2024-09-19,GBP/USD,1.2991
2024-09-20,USD/JPY,156.9769
2024-09-20,EUR/JPY,167.3452
2024-09-20,GBP/JPY,177.118
2024-09-20,AUD/JPY,97.0038
2024-09-20,EUR/USD,1.092
2024-09-20,GBP/USD,1.1901
2024-09-21,USD/JPY,156.2352
2024-09-21,EUR/JPY,164.362
2024-09-21,GBP/JPY,175.2509
2024-09-21,AUD/JPY,98.9662
2024-09-21,EUR/USD,1.1111
2024-09-21,GBP/USD,1.281
2024-09-22,USD/JPY,152.5386
2024-09-22,EUR/JPY,152.6678
2024-09-22,GBP/JPY,183.6739
2024-09-22,AUD/JPY,98.5768
2024-09-22,EUR/USD,1.1204
2024-09-22,GBP/USD,1.1876
2024-09-23,USD/JPY,145.0372
2024-09-23,EUR/JPY,166.2271
2024-09-23,GBP/JPY,178.4856
2024-09-23,AUD/JPY,101.085
2024-09-23,EUR/USD,1.1012
2024-09-23,GBP/USD,1.2435
2024-09-24,USD/JPY,151.2367
2024-09-24,EUR/JPY,159.7267
2024-09-24,GBP/JPY,185.6429
2024-09-24,AUD/JPY,99.2492
2024-09-24,EUR/USD,1.085
2024-09-24,GBP/USD,1.2192
2024-09-25,USD/JPY,152.1556
2024-09-25,EUR/JPY,162.1442
2024-09-25,GBP/JPY,176.9398
2024-09-25,AUD/JPY,102.0212
2024-09-25,EUR/USD,1.0452
2024-09-25,GBP/USD,1.2665
2024-09-26,USD/JPY,143.5508
2024-09-26,EUR/JPY,166.837
2024-09-26,GBP/JPY,171.9337
2024-09-26,AUD/JPY,97.3283
2024-09-26,EUR/USD,1.0635
2024-09-26,GBP/USD,1.3054
2024-09-27,USD/JPY,149.2771
2024-09-27,EUR/JPY,162.9735
2024-09-27,GBP/JPY,179.2243
2024-09-27,AUD/JPY,103.2176
2024-09-27,EUR/USD,1.0376
2024-09-27,GBP/USD,1.2287
2024-09-28,USD/JPY,147.4601
2024-09-28,EUR/JPY,158.835
2024-09-28,GBP/JPY,185.9689
2024-09-28,AUD/JPY,103.7352
2024-09-28,EUR/USD,1.076
2024-09-28,GBP/USD,1.2455
2024-09-29,USD/JPY,154.165
2024-09-29,EUR/JPY,152.151
2024-09-29,GBP/JPY,175.5883
2024-09-29,AUD/JPY,103.7234
2024-09-29,EUR/USD,1.0285
2024-09-29,GBP/USD,1.2655
2024-09-30,USD/JPY,153.8674
2024-09-30,EUR/JPY,155.5737
2024-09-30,GBP/JPY,183.6919
2024-09-30,AUD/JPY,101.4124
2024-09-30,EUR/USD,1.1265
2024-09-30,GBP/USD,1.216
2024-10-01,USD/JPY,150.4233
2024-10-01,EUR/JPY,163.0237
2024-10-01,GBP/JPY,188.5086
2024-10-01,AUD/JPY,98.6664
2024-10-01,EUR/USD,1.0319
2024-10-01,GBP/USD,1.2544
2024-10-02,USD/JPY,147.3155
2024-10-02,EUR/JPY,166.4582
2024-10-02,GBP/JPY,181.4624
2024-10-02,AUD/JPY,100.8274
2024-10-02,EUR/USD,1.0461
2024-10-02,GBP/USD,1.2823
2024-10-03,USD/JPY,144.0453
2024-10-03,EUR/JPY,154.0924
2024-10-03,GBP/JPY,174.6457
2024-10-03,AUD/JPY,96.6218
2024-10-03,EUR/USD,1.0951
2024-10-03,GBP/USD,1.307
2024-10-04,USD/JPY,151.2208
2024-10-04,EUR/JPY,152.0626
2024-10-04,GBP/JPY,176.973
2024-10-04,AUD/JPY,96.2688
2024-10-04,EUR/USD,1.1328
2024-10-04,GBP/USD,1.2554
2024-10-05,USD/JPY,148.3292
2024-10-05,EUR/JPY,158.0009
2024-10-05,GBP/JPY,184.0615
2024-10-05,AUD/JPY,97.0771
2024-10-05,EUR/USD,1.0619
2024-10-05,GBP/USD,1.2427
2024-10-06,USD/JPY,148.4853
2024-10-06,EUR/JPY,164.0604
2024-10-06,GBP/JPY,183.0552
2024-10-06,AUD/JPY,98.946
2024-10-06,EUR/USD,1.0365
2024-10-06,GBP/USD,1.2899
2024-10-07,USD/JPY,151.4664
2024-10-07,EUR/JPY,167.367
2024-10-07,GBP/JPY,180.521
2024-10-07,AUD/JPY,101.5792
2024-10-07,EUR/USD,1.1339
2024-10-07,GBP/USD,1.2297
2024-10-08,USD/JPY,155.9406
2024-10-08,EUR/JPY,154.8164
2024-10-08,GBP/JPY,182.2516
2024-10-08,AUD/JPY,103.1241
2024-10-08,EUR/USD,1.1324
2024-10-08,GBP/USD,1.2002
2024-10-09,USD/JPY,144.7887
2024-10-09,EUR/JPY,153.5321
2024-10-09,GBP/JPY,171.4966
2024-10-09,AUD/JPY,98.0943
2024-10-09,EUR/USD,1.1123
2024-10-09,GBP/USD,1.3081
2024-10-10,USD/JPY,154.1171
2024-10-10,EUR/JPY,159.1387
2024-10-10,GBP/JPY,184.1709
2024-10-10,AUD/JPY,98.0369
2024-10-10,EUR/USD,1.0631
2024-10-10,GBP/USD,1.2414
2024-10-11,USD/JPY,147.0909
2024-10-11,EUR/JPY,165.9926
2024-10-11,GBP/JPY,172.7585
2024-10-11,AUD/JPY,98.4933
2024-10-11,EUR/USD,1.0921
2024-10-11,GBP/USD,1.3064
2024-10-12,USD/JPY,151.4293
2024-10-12,EUR/JPY,158.6847
2024-10-12,GBP/JPY,172.2199
2024-10-12,AUD/JPY,101.4809
2024-10-12,EUR/USD,1.0476
2024-10-12,GBP/USD,1.273
2024-10-13,USD/JPY,155.1125
2024-10-13,EUR/JPY,164.1107
2024-10-13,GBP/JPY,178.7514
2024-10-13,AUD/JPY,100.4712
2024-10-13,EUR/USD,1.1221
2024-10-13,GBP/USD,1.2129
2024-10-14,USD/JPY,148.8148
2024-10-14,EUR/JPY,158.5563
2024-10-14,GBP/JPY,176.4679
2024-10-14,AUD/JPY,101.8675
2024-10-14,EUR/USD,1.0658
2024-10-14,GBP/USD,1.2505
2024-10-15,USD/JPY,147.9289
2024-10-15,EUR/JPY,159.2093
2024-10-15,GBP/JPY,172.5636
2024-10-15,AUD/JPY,99.2698
2024-10-15,EUR/USD,1.0658
2024-10-15,GBP/USD,1.2684
2024-10-16,USD/JPY,150.8734
2024-10-16,EUR/JPY,152.5059
2024-10-16,GBP/JPY,182.9164
2024-10-16,AUD/JPY,95.9786
2024-10-16,EUR/USD,1.0309
2024-10-16,GBP/USD,1.1886
2024-10-17,USD/JPY,154.565
2024-10-17,EUR/JPY,153.2157
2024-10-17,GBP/JPY,185.7582
2024-10-17,AUD/JPY,97.5855
2024-10-17,EUR/USD,1.0519
2024-10-17,GBP/USD,1.2672
2024-10-18,USD/JPY,144.6077
2024-10-18,EUR/JPY,161.082
2024-10-18,GBP/JPY,178.8211
2024-10-18,AUD/JPY,101.7398
2024-10-18,EUR/USD,1.0447
2024-10-18,GBP/USD,1.2896
2024-10-19,USD/JPY,154.302
2024-10-19,EUR/JPY,163.7519
2024-10-19,GBP/JPY,185.8128
2024-10-19,AUD/JPY,98.9291
2024-10-19,EUR/USD,1.0416
2024-10-19,GBP/USD,1.2068
2024-10-20,USD/JPY,149.3795
2024-10-20,EUR/JPY,167.901
2024-10-20,GBP/JPY,174.9871
2024-10-20,AUD/JPY,102.5962
2024-10-20,EUR/USD,1.1307
2024-10-20,GBP/USD,1.2441
2024-10-21,USD/JPY,155.671
2024-10-21,EUR/JPY,158.4814
2024-10-21,GBP/JPY,178.1892
2024-10-21,AUD/JPY,103.7471
2024-10-21,EUR/USD,1.1072
2024-10-21,GBP/USD,1.2133
2024-10-22,USD/JPY,145.1135
2024-10-22,EUR/JPY,162.7036
2024-10-22,GBP/JPY,176.4912
2024-10-22,AUD/JPY,98.0257
2024-10-22,EUR/USD,1.1242
2024-10-22,GBP/USD,1.2089
2024-10-23,USD/JPY,144.9799
2024-10-23,EUR/JPY,156.4338
2024-10-23,GBP/JPY,172.3925
2024-10-23,AUD/JPY,103.2864
2024-10-23,EUR/USD,1.1169
2024-10-23,GBP/USD,1.1999
2024-10-24,USD/JPY,143.6759
2024-10-24,EUR/JPY,153.7797
2024-10-24,GBP/JPY,175.3432
2024-10-24,AUD/JPY,99.3265
2024-10-24,EUR/USD,1.0563
2024-10-24,GBP/USD,1.2641
2024-10-25,USD/JPY,154.1978
2024-10-25,EUR/JPY,157.8536
2024-10-25,GBP/JPY,176.7439
2024-10-25,AUD/JPY,101.1216
2024-10-25,EUR/USD,1.0949
2024-10-25,GBP/USD,1.2887
2024-10-26,USD/JPY,151.574
2024-10-26,EUR/JPY,166.9167
2024-10-26,GBP/JPY,174.8209
2024-10-26,AUD/JPY,98.2901
2024-10-26,EUR/USD,1.0394
2024-10-26,GBP/USD,1.2974
2024-10-27,USD/JPY,156.2803
2024-10-27,EUR/JPY,163.7917
2024-10-27,GBP/JPY,171.1813
2024-10-27,AUD/JPY,100.3739
2024-10-27,EUR/USD,1.0388
2024-10-27,GBP/USD,1.2553
2024-10-28,USD/JPY,156.834
2024-10-28,EUR/JPY,157.2478
2024-10-28,GBP/JPY,179.9102
2024-10-28,AUD/JPY,98.5992
2024-10-28,EUR/USD,1.1185
2024-10-28,GBP/USD,1.283
2024-10-29,USD/JPY,153.6632
2024-10-29,EUR/JPY,165.6872
2024-10-29,GBP/JPY,177.5815
2024-10-29,AUD/JPY,102.9303
2024-10-29,EUR/USD,1.0505
2024-10-29,GBP/USD,1.1911
2024-10-30,USD/JPY,147.2259
2024-10-30,EUR/JPY,165.2682
2024-10-30,GBP/JPY,186.6324
2024-10-30,AUD/JPY,103.3434
2024-10-30,EUR/USD,1.0309
2024-10-30,GBP/USD,1.2222
2024-10-31,USD/JPY,156.3629
2024-10-31,EUR/JPY,154.4546
2024-10-31,GBP/JPY,184.015
2024-10-31,AUD/JPY,103.9285
2024-10-31,EUR/USD,1.0888
2024-10-31,GBP/USD,1.2447
2024-11-01,USD/JPY,153.5543
2024-11-01,EUR/JPY,156.9791
2024-11-01,GBP/JPY,179.406
2024-11-01,AUD/JPY,97.7602
2024-11-01,EUR/USD,1.0439
2024-11-01,GBP/USD,1.2316
2024-11-02,USD/JPY,152.8434
2024-11-02,EUR/JPY,162.1167
2024-11-02,GBP/JPY,188.3261
2024-11-02,AUD/JPY,97.8687
2024-11-02,EUR/USD,1.0615
2024-11-02,GBP/USD,1.2613
2024-11-03,USD/JPY,152.8279
2024-11-03,EUR/JPY,156.1317
2024-11-03,GBP/JPY,181.571
2024-11-03,AUD/JPY,102.4772
2024-11-03,EUR/USD,1.0319
2024-11-03,GBP/USD,1.2857
2024-11-04,USD/JPY,155.1651
2024-11-04,EUR/JPY,153.3919
2024-11-04,GBP/JPY,183.9706
2024-11-04,AUD/JPY,99.9226
2024-11-04,EUR/USD,1.0796
2024-11-04,GBP/USD,1.1998
2024-11-05,USD/JPY,152.4724
2024-11-05,EUR/JPY,158.7126
2024-11-05,GBP/JPY,185.8257
2024-11-05,AUD/JPY,96.2143
2024-11-05,EUR/USD,1.1323
2024-11-05,GBP/USD,1.2267
2024-11-06,USD/JPY,146.3705
2024-11-06,EUR/JPY,156.9984
2024-11-06,GBP/JPY,183.619
2024-11-06,AUD/JPY,104.8765
2024-11-06,EUR/USD,1.1072
2024-11-06,GBP/USD,1.2829
2024-11-07,USD/JPY,144.8736
2024-11-07,EUR/JPY,162.2991
2024-11-07,GBP/JPY,171.6227
2024-11-07,AUD/JPY,96.8679
2024-11-07,EUR/USD,1.0386
2024-11-07,GBP/USD,1.2565
2024-11-08,USD/JPY,147.7418
2024-11-08,EUR/JPY,154.5634
2024-11-08,GBP/JPY,182.1934
2024-11-08,AUD/JPY,95.7546
2024-11-08,EUR/USD,1.0407
2024-11-08,GBP/USD,1.1886
2024-11-09,USD/JPY,147.9108
2024-11-09,EUR/JPY,161.6341
2024-11-09,GBP/JPY,186.9979
2024-11-09,AUD/JPY,98.6295
2024-11-09,EUR/USD,1.0475
2024-11-09,GBP/USD,1.2974
2024-11-10,USD/JPY,144.8329
2024-11-10,EUR/JPY,164.9957
2024-11-10,GBP/JPY,181.8574
2024-11-10,AUD/JPY,100.7555
2024-11-10,EUR/USD,1.0988
2024-11-10,GBP/USD,1.2133
2024-11-11,USD/JPY,147.7802
2024-11-11,EUR/JPY,167.3185
2024-11-11,GBP/JPY,188.0192
2024-11-11,AUD/JPY,101.3808
2024-11-11,EUR/USD,1.1182
2024-11-11,GBP/USD,1.2761
2024-11-12,USD/JPY,155.6716
2024-11-12,EUR/JPY,164.1026
2024-11-12,GBP/JPY,180.1669
2024-11-12,AUD/JPY,104.6018
2024-11-12,EUR/USD,1.098
2024-11-12,GBP/USD,1.2906
2024-11-13,USD/JPY,157.2275
2024-11-13,EUR/JPY,163.8354
2024-11-13,GBP/JPY,178.6009
2024-11-13,AUD/JPY,95.0933
2024-11-13,EUR/USD,1.0582
2024-11-13,GBP/USD,1.2728
2024-11-14,USD/JPY,148.7347
2024-11-14,EUR/JPY,165.0821
2024-11-14,GBP/JPY,174.5736
2024-11-14,AUD/JPY,102.2457
2024-11-14,EUR/USD,1.1237
2024-11-14,GBP/USD,1.2818
2024-11-15,USD/JPY,147.8191
2024-11-15,EUR/JPY,165.5369
2024-11-15,GBP/JPY,176.2932
2024-11-15,AUD/JPY,95.6155
2024-11-15,EUR/USD,1.0484
2024-11-15,GBP/USD,1.2612
2024-11-16,USD/JPY,156.4174
2024-11-16,EUR/JPY,158.8566
2024-11-16,GBP/JPY,181.0566
2024-11-16,AUD/JPY,98.833
2024-11-16,EUR/USD,1.053
2024-11-16,GBP/USD,1.295
2024-11-17,USD/JPY,147.2993
2024-11-17,EUR/JPY,152.1542
2024-11-17,GBP/JPY,185.6713
2024-11-17,AUD/JPY,104.8289
2024-11-17,EUR/USD,1.094
2024-11-17,GBP/USD,1.2738
2024-11-18,USD/JPY,151.306
2024-11-18,EUR/JPY,153.145
2024-11-18,GBP/JPY,184.1582
2024-11-18,AUD/JPY,97.2656
2024-11-18,EUR/USD,1.0479
2024-11-18,GBP/USD,1.3008
2024-11-19,USD/JPY,149.974
2024-11-19,EUR/JPY,153.1227
2024-11-19,GBP/JPY,174.267
2024-11-19,AUD/JPY,102.6018
2024-11-19,EUR/USD,1.0876
2024-11-19,GBP/USD,1.1928
2024-11-20,USD/JPY,152.7222
2024-11-20,EUR/JPY,157.6476
2024-11-20,GBP/JPY,180.6758
2024-11-20,AUD/JPY,95.9311
2024-11-20,EUR/USD,1.0559
2024-11-20,GBP/USD,1.2324
2024-11-21,USD/JPY,147.573
2024-11-21,EUR/JPY,164.7779
2024-11-21,GBP/JPY,180.3806
2024-11-21,AUD/JPY,96.2197
2024-11-21,EUR/USD,1.0627
2024-11-21,GBP/USD,1.2939
2024-11-22,USD/JPY,149.3421
2024-11-22,EUR/JPY,167.0828
2024-11-22,GBP/JPY,185.7265
2024-11-22,AUD/JPY,95.7901
2024-11-22,EUR/USD,1.0708
2024-11-22,GBP/USD,1.2039
2024-11-23,USD/JPY,155.3466
2024-11-23,EUR/JPY,161.6924
2024-11-23,GBP/JPY,183.0596
2024-11-23,AUD/JPY,102.2562
2024-11-23,EUR/USD,1.0538
2024-11-23,GBP/USD,1.2605
2024-11-24,USD/JPY,145.9033
2024-11-24,EUR/JPY,153.6085
2024-11-24,GBP/JPY,172.1222
2024-11-24,AUD/JPY,100.124
2024-11-24,EUR/USD,1.1279
2024-11-24,GBP/USD,1.1948
2024-11-25,USD/JPY,150.1261
2024-11-25,EUR/JPY,157.9811
2024-11-25,GBP/JPY,174.2965
2024-11-25,AUD/JPY,104.4576
2024-11-25,EUR/USD,1.1071
2024-11-25,GBP/USD,1.2051
2024-11-26,USD/JPY,145.9605
2024-11-26,EUR/JPY,163.3089
2024-11-26,GBP/JPY,181.8228
2024-11-26,AUD/JPY,100.745
2024-11-26,EUR/USD,1.1265
2024-11-26,GBP/USD,1.1998
2024-11-27,USD/JPY,144.2932
2024-11-27,EUR/JPY,162.3762
2024-11-27,GBP/JPY,176.7779
2024-11-27,AUD/JPY,95.5973
2024-11-27,EUR/USD,1.1308
2024-11-27,GBP/USD,1.279
2024-11-28,USD/JPY,145.6834
2024-11-28,EUR/JPY,160.8896
2024-11-28,GBP/JPY,171.3585
2024-11-28,AUD/JPY,99.3673
2024-11-28,EUR/USD,1.1164
2024-11-28,GBP/USD,1.2392
2024-11-29,USD/JPY,143.2165
2024-11-29,EUR/JPY,165.6946
2024-11-29,GBP/JPY,188.9527
2024-11-29,AUD/JPY,99.241
2024-11-29,EUR/USD,1.1102
2024-11-29,GBP/USD,1.2512
2024-11-30,USD/JPY,154.7057
2024-11-30,EUR/JPY,163.4852
2024-11-30,GBP/JPY,178.4433
2024-11-30,AUD/JPY,95.857
2024-11-30,EUR/USD,1.0428
2024-11-30,GBP/USD,1.2499
2024-12-01,USD/JPY,144.2375
2024-12-01,EUR/JPY,166.1935
2024-12-01,GBP/JPY,177.5071
2024-12-01,AUD/JPY,103.0187
2024-12-01,EUR/USD,1.0435
2024-12-01,GBP/USD,1.2099
2024-12-02,USD/JPY,152.3508
2024-12-02,EUR/JPY,159.3707
2024-12-02,GBP/JPY,172.6142
2024-12-02,AUD/JPY,103.0422
2024-12-02,EUR/USD,1.1251
2024-12-02,GBP/USD,1.2431
2024-12-03,USD/JPY,142.8981
2024-12-03,EUR/JPY,152.8992
2024-12-03,GBP/JPY,186.9311
2024-12-03,AUD/JPY,103.0118
2024-12-03,EUR/USD,1.0434
2024-12-03,GBP/USD,1.2934
2024-12-04,USD/JPY,143.1692
2024-12-04,EUR/JPY,160.7883
2024-12-04,GBP/JPY,176.6586
2024-12-04,AUD/JPY,100.6371
2024-12-04,EUR/USD,1.0478
2024-12-04,GBP/USD,1.278
2024-12-05,USD/JPY,149.8087
2024-12-05,EUR/JPY,165.1419
2024-12-05,GBP/JPY,172.9616
2024-12-05,AUD/JPY,103.8893
2024-12-05,EUR/USD,1.1305
2024-12-05,GBP/USD,1.2331
2024-12-06,USD/JPY,154.0117
2024-12-06,EUR/JPY,158.3563
2024-12-06,GBP/JPY,185.5541
2024-12-06,AUD/JPY,103.261
2024-12-06,EUR/USD,1.0798
2024-12-06,GBP/USD,1.2271
2024-12-07,USD/JPY,146.8023
2024-12-07,EUR/JPY,154.0179
2024-12-07,GBP/JPY,183.384
2024-12-07,AUD/JPY,101.2588
2024-12-07,EUR/USD,1.0399
2024-12-07,GBP/USD,1.296
2024-12-08,USD/JPY,154.6669
2024-12-08,EUR/JPY,161.1339
2024-12-08,GBP/JPY,184.2865
2024-12-08,AUD/JPY,104.6332
2024-12-08,EUR/USD,1.033
2024-12-08,GBP/USD,1.2759
2024-12-09,USD/JPY,155.2636
2024-12-09,EUR/JPY,156.4528
2024-12-09,GBP/JPY,181.5784
2024-12-09,AUD/JPY,104.6992
2024-12-09,EUR/USD,1.0884
2024-12-09,GBP/USD,1.2262
2024-12-10,USD/JPY,153.1711
2024-12-10,EUR/JPY,162.985
2024-12-10,GBP/JPY,185.0111
2024-12-10,AUD/JPY,103.6135
2024-12-10,EUR/USD,1.1262
2024-12-10,GBP/USD,1.2772
2024-12-11,USD/JPY,155.4771
2024-12-11,EUR/JPY,160.4395
2024-12-11,GBP/JPY,186.219
2024-12-11,AUD/JPY,100.3152
2024-12-11,EUR/USD,1.0517
2024-12-11,GBP/USD,1.2769
2024-12-12,USD/JPY,144.0462
2024-12-12,EUR/JPY,153.1844
2024-12-12,GBP/JPY,184.7957
2024-12-12,AUD/JPY,104.6166
2024-12-12,EUR/USD,1.0882
2024-12-12,GBP/USD,1.2084
2024-12-13,USD/JPY,145.1744
2024-12-13,EUR/JPY,161.7861
2024-12-13,GBP/JPY,180.4625
2024-12-13,AUD/JPY,101.6483
2024-12-13,EUR/USD,1.0575
2024-12-13,GBP/USD,1.3104
2024-12-14,USD/JPY,148.4186
2024-12-14,EUR/JPY,162.481
2024-12-14,GBP/JPY,176.7117
2024-12-14,AUD/JPY,95.8621
2024-12-14,EUR/USD,1.1281
2024-12-14,GBP/USD,1.2871
2024-12-15,USD/JPY,146.8516
2024-12-15,EUR/JPY,165.0721
2024-12-15,GBP/JPY,177.3406
2024-12-15,AUD/JPY,97.5283
2024-12-15,EUR/USD,1.1314
2024-12-15,GBP/USD,1.2618
2024-12-16,USD/JPY,154.8748
2024-12-16,EUR/JPY,161.4031
2024-12-16,GBP/JPY,172.0527
2024-12-16,AUD/JPY,100.0286
2024-12-16,EUR/USD,1.1175
2024-12-16,GBP/USD,1.2943
2024-12-17,USD/JPY,153.0076
2024-12-17,EUR/JPY,164.2986
2024-12-17,GBP/JPY,178.7744
2024-12-17,AUD/JPY,97.6044
2024-12-17,EUR/USD,1.1226
2024-12-17,GBP/USD,1.2084
2024-12-18,USD/JPY,152.5897
2024-12-18,EUR/JPY,152.5894
2024-12-18,GBP/JPY,172.3155
2024-12-18,AUD/JPY,97.3681
2024-12-18,EUR/USD,1.0949
2024-12-18,GBP/USD,1.2138
2024-12-19,USD/JPY,150.2756
2024-12-19,EUR/JPY,157.3472
2024-12-19,GBP/JPY,176.6556
2024-12-19,AUD/JPY,95.116
2024-12-19,EUR/USD,1.0343
2024-12-19,GBP/USD,1.2
2024-12-20,USD/JPY,154.001
2024-12-20,EUR/JPY,155.2496
2024-12-20,GBP/JPY,179.7412
2024-12-20,AUD/JPY,101.7092
2024-12-20,EUR/USD,1.0933
2024-12-20,GBP/USD,1.2771
2024-12-21,USD/JPY,151.7478
2024-12-21,EUR/JPY,164.1079
2024-12-21,GBP/JPY,179.8611
2024-12-21,AUD/JPY,95.233
2024-12-21,EUR/USD,1.0376
2024-12-21,GBP/USD,1.2395
2024-12-22,USD/JPY,151.6677
2024-12-22,EUR/JPY,167.5501
2024-12-22,GBP/JPY,172.3141
2024-12-22,AUD/JPY,100.3286
2024-12-22,EUR/USD,1.03
2024-12-22,GBP/USD,1.2241
2024-12-23,USD/JPY,146.4616
2024-12-23,EUR/JPY,155.9833
2024-12-23,GBP/JPY,184.3054
2024-12-23,AUD/JPY,101.1898
2024-12-23,EUR/USD,1.0414
2024-12-23,GBP/USD,1.299
2024-12-24,USD/JPY,150.4863
2024-12-24,EUR/JPY,167.5337
2024-12-24,GBP/JPY,177.9638
2024-12-24,AUD/JPY,99.4739
2024-12-24,EUR/USD,1.0475
2024-12-24,GBP/USD,1.2908
2024-12-25,USD/JPY,147.3644
2024-12-25,EUR/JPY,159.5333
2024-12-25,GBP/JPY,180.1432
2024-12-25,AUD/JPY,102.418
2024-12-25,EUR/USD,1.1323
2024-12-25,GBP/USD,1.2787
2024-12-26,USD/JPY,148.3712
2024-12-26,EUR/JPY,157.1043
2024-12-26,GBP/JPY,183.1339
2024-12-26,AUD/JPY,101.7104
2024-12-26,EUR/USD,1.0658
2024-12-26,GBP/USD,1.2553
2024-12-27,USD/JPY,147.9724
2024-12-27,EUR/JPY,155.8074
2024-12-27,GBP/JPY,181.6875
2024-12-27,AUD/JPY,103.0256
2024-12-27,EUR/USD,1.0719
2024-12-27,GBP/USD,1.2866
2024-12-28,USD/JPY,145.0259
2024-12-28,EUR/JPY,165.0234
2024-12-28,GBP/JPY,173.5475
2024-12-28,AUD/JPY,101.4688
2024-12-28,EUR/USD,1.0366
2024-12-28,GBP/USD,1.2475
2024-12-29,USD/JPY,151.8218
2024-12-29,EUR/JPY,159.4906
2024-12-29,GBP/JPY,179.9984
2024-12-29,AUD/JPY,96.3848
2024-12-29,EUR/USD,1.1086
2024-12-29,GBP/USD,1.2971
2024-12-30,USD/JPY,153.1949
2024-12-30,EUR/JPY,157.6991
2024-12-30,GBP/JPY,175.517
2024-12-30,AUD/JPY,101.5203
2024-12-30,EUR/USD,1.1145
2024-12-30,GBP/USD,1.2755
2024-12-31,USD/JPY,156.3286
2024-12-31,EUR/JPY,159.9929
2024-12-31,GBP/JPY,188.3744
2024-12-31,AUD/JPY,96.4019
2024-12-31,EUR/USD,1.0787
2024-12-31,GBP/USD,1.2886
