日付,口座ID,取引ID,取引タイプ,金額,摘要,相手国名,相手国コード
2024-06-13,ACC005,TXN0001,利息,14835.58,利息_1,アメリカ,USA
2024-10-03,ACC008,TXN0002,手数料,-6861.64,手数料_2,アメリカ,USA
2024-07-26,ACC006,TXN0003,手数料,-2837.95,手数料_3,アメリカ,USA
2024-06-14,ACC005,TXN0004,入金,-1682362.72,入金_4,オーストラリア,AUS
2024-04-20,ACC007,TXN0005,出金,-3458531.51,出金_5,ドイツ,DEU
2024-06-12,ACC008,TXN0006,手数料,-4286.11,手数料_6,フランス,FRA
2024-08-09,ACC002,TXN0007,手数料,-1836.75,手数料_7,韓国,KOR
2024-05-19,ACC001,TXN0008,為替取引,4196257.02,為替取引_8,日本,JPN
2024-02-12,ACC004,TXN0009,為替取引,353826.42,為替取引_9,シンガポール,SGP
2024-10-26,ACC006,TXN0010,振替,-1153631.9,振替_10,シンガポール,SGP
2024-05-22,ACC006,TXN0011,振替,-607668.38,振替_11,カナダ,CAN
2024-06-14,ACC004,TXN0012,利息,41322.28,利息_12,フランス,FRA
2024-09-04,ACC001,TXN0013,入金,4447217.55,入金_13,イギリス,GBR
2024-01-06,ACC006,TXN0014,振替,2201122.3,振替_14,フランス,FRA
2024-10-27,ACC003,TXN0015,出金,-205096.03,出金_15,韓国,KOR
2024-06-09,ACC003,TXN0016,振替,4496740.68,振替_16,シンガポール,SGP
2024-12-17,ACC007,TXN0017,為替取引,-1688640.36,為替取引_17,スイス,CHE
2024-01-18,ACC003,TXN0018,出金,-3006750.09,出金_18,フランス,FRA
2024-03-21,ACC003,TXN0019,出金,-1403959.79,出金_19,イギリス,GBR
2024-07-29,ACC003,TXN0020,手数料,-7525.76,手数料_20,オーストラリア,AUS
2024-09-02,ACC007,TXN0021,為替取引,4821472.26,為替取引_21,韓国,KOR
2024-09-02,ACC005,TXN0022,為替取引,-908251.8,為替取引_22,アメリカ,USA
2024-09-04,ACC008,TXN0023,利息,49000.95,利息_23,日本,JPN
2024-03-18,ACC002,TXN0024,入金,919503.94,入金_24,スイス,CHE
2024-12-16,ACC001,TXN0025,振替,68552.77,振替_25,韓国,KOR
2024-06-10,ACC006,TXN0026,入金,1648433.27,入金_26,シンガポール,SGP
2024-05-12,ACC001,TXN0027,振替,2659974.41,振替_27,日本,JPN
2024-10-20,ACC005,TXN0028,振替,2806931.54,振替_28,アメリカ,USA
2024-10-20,ACC006,TXN0029,利息,70371.48,利息_29,ドイツ,DEU
2024-01-05,ACC002,TXN0030,利息,23969.49,利息_30,フランス,FRA
2024-01-19,ACC001,TXN0031,手数料,-5409.74,手数料_31,韓国,KOR
2024-04-12,ACC005,TXN0032,入金,4024845.69,入金_32,オーストラリア,AUS
2024-10-03,ACC005,TXN0033,利息,82402.75,利息_33,オーストラリア,AUS
2024-02-13,ACC001,TXN0034,出金,-2078047.44,出金_34,カナダ,CAN
2024-12-23,ACC005,TXN0035,為替取引,548790.24,為替取引_35,オーストラリア,AUS
2024-12-23,ACC008,TXN0036,出金,-277744.74,出金_36,オーストラリア,AUS
2024-10-10,ACC004,TXN0037,入金,3559490.24,入金_37,スイス,CHE
2024-06-21,ACC007,TXN0038,利息,88507.37,利息_38,ドイツ,DEU
2024-04-10,ACC007,TXN0039,利息,87994.38,利息_39,フランス,FRA
2024-12-28,ACC004,TXN0040,為替取引,-1253937.55,為替取引_40,韓国,KOR
2024-09-24,ACC002,TXN0041,手数料,-6538.65,手数料_41,日本,JPN
2024-09-06,ACC001,TXN0042,利息,34809.97,利息_42,韓国,KOR
2024-11-23,ACC002,TXN0043,振替,1306184.58,振替_43,韓国,KOR
2024-06-04,ACC002,TXN0044,振替,396288.55,振替_44,オーストラリア,AUS
2024-01-02,ACC004,TXN0045,為替取引,2466497.17,為替取引_45,オーストラリア,AUS
2024-06-26,ACC002,TXN0046,手数料,-3272.86,手数料_46,イギリス,GBR
2024-11-11,ACC008,TXN0047,手数料,-1177.67,手数料_47,日本,JPN
2024-10-14,ACC008,TXN0048,為替取引,2064786.47,為替取引_48,シンガポール,SGP
2024-02-04,ACC008,TXN0049,為替取引,4057965.28,為替取引_49,韓国,KOR
2024-03-16,ACC008,TXN0050,為替取引,2230904.31,為替取引_50,フランス,FRA
2024-02-21,ACC003,TXN0051,利息,88884.9,利息_51,イギリス,GBR
2024-07-07,ACC004,TXN0052,入金,453942.16,入金_52,スイス,CHE
2024-12-20,ACC008,TXN0053,出金,-1405952.07,出金_53,ドイツ,DEU
2024-07-18,ACC005,TXN0054,入金,-213328.33,入金_54,日本,JPN
2024-04-06,ACC006,TXN0055,利息,90902.1,利息_55,アメリカ,USA
2024-07-10,ACC006,TXN0056,為替取引,2921651.95,為替取引_56,シンガポール,SGP
2024-04-10,ACC002,TXN0057,入金,-266430.36,入金_57,ドイツ,DEU
2024-04-23,ACC006,TXN0058,手数料,-8724.78,手数料_58,イギリス,GBR
2024-11-10,ACC004,TXN0059,振替,17832.32,振替_59,韓国,KOR
2024-03-08,ACC008,TXN0060,利息,33064.43,利息_60,アメリカ,USA
2024-10-31,ACC005,TXN0061,手数料,-6474.78,手数料_61,ドイツ,DEU
2024-11-05,ACC001,TXN0062,為替取引,-8487.27,為替取引_62,オーストラリア,AUS
2024-11-24,ACC004,TXN0063,入金,4052109.99,入金_63,日本,JPN
2024-02-25,ACC006,TXN0064,手数料,-1194.9,手数料_64,アメリカ,USA
2024-01-26,ACC005,TXN0065,入金,-1548056.63,入金_65,シンガポール,SGP
2024-07-01,ACC005,TXN0066,利息,47247.34,利息_66,スイス,CHE
2024-04-30,ACC002,TXN0067,利息,57116.29,利息_67,カナダ,CAN
2024-05-24,ACC005,TXN0068,入金,1054500.24,入金_68,フランス,FRA
2024-03-15,ACC007,TXN0069,出金,-377820.92,出金_69,スイス,CHE
2024-08-17,ACC004,TXN0070,出金,-3841917.95,出金_70,シンガポール,SGP
2024-11-25,ACC008,TXN0071,振替,-1666382.74,振替_71,イギリス,GBR
2024-01-15,ACC002,TXN0072,振替,2796825.97,振替_72,ドイツ,DEU
2024-10-29,ACC008,TXN0073,入金,-993450.41,入金_73,カナダ,CAN
2024-06-25,ACC004,TXN0074,入金,3483364.11,入金_74,韓国,KOR
2024-06-29,ACC004,TXN0075,手数料,-2006.09,手数料_75,オーストラリア,AUS
2024-10-23,ACC007,TXN0076,為替取引,3785953.91,為替取引_76,フランス,FRA
2024-09-08,ACC008,TXN0077,為替取引,250962.86,為替取引_77,シンガポール,SGP
2024-04-12,ACC003,TXN0078,出金,-2705065.15,出金_78,韓国,KOR
2024-09-17,ACC004,TXN0079,振替,3704400.6,振替_79,韓国,KOR
2024-09-09,ACC003,TXN0080,為替取引,1661480.53,為替取引_80,アメリカ,USA
2024-05-10,ACC006,TXN0081,入金,3227788.83,入金_81,アメリカ,USA
2024-06-06,ACC001,TXN0082,振替,4903862.67,振替_82,シンガポール,SGP
2024-11-09,ACC004,TXN0083,利息,48475.1,利息_83,フランス,FRA
2024-12-15,ACC004,TXN0084,入金,85208.6,入金_84,韓国,KOR
2024-08-28,ACC006,TXN0085,出金,-3398251.99,出金_85,アメリカ,USA
2024-01-01,ACC001,TXN0086,利息,37778.9,利息_86,スイス,CHE
2024-11-26,ACC004,TXN0087,手数料,-6525.42,手数料_87,オーストラリア,AUS
2024-07-27,ACC008,TXN0088,手数料,-2806.05,手数料_88,アメリカ,USA
2024-04-03,ACC001,TXN0089,為替取引,-1402821.85,為替取引_89,イギリス,GBR
2024-04-20,ACC007,TXN0090,為替取引,3983071.07,為替取引_90,ドイツ,DEU
2024-08-20,ACC006,TXN0091,利息,90907.8,利息_91,ドイツ,DEU
2024-07-01,ACC001,TXN0092,出金,-2127554.84,出金_92,フランス,FRA
2024-02-06,ACC008,TXN0093,振替,912766.04,振替_93,スイス,CHE
2024-10-12,ACC005,TXN0094,手数料,-2778.64,手数料_94,スイス,CHE
2024-02-26,ACC002,TXN0095,振替,-1784897.58,振替_95,アメリカ,USA
2024-11-11,ACC002,TXN0096,振替,-429575.08,振替_96,フランス,FRA
2024-11-04,ACC003,TXN0097,振替,23592.36,振替_97,オーストラリア,AUS
2024-07-02,ACC007,TXN0098,為替取引,-1754412.73,為替取引_98,イギリス,GBR
2024-04-09,ACC003,TXN0099,為替取引,4510079.32,為替取引_99,フランス,FRA
2024-09-04,ACC004,TXN0100,入金,46612.75,入金_100,イギリス,GBR
2024-08-28,ACC008,TXN0101,利息,88550.09,利息_101,イギリス,GBR
2024-04-18,ACC001,TXN0102,入金,1146983.62,入金_102,韓国,KOR
2024-02-05,ACC004,TXN0103,為替取引,-1742825.27,為替取引_103,スイス,CHE
2024-04-01,ACC004,TXN0104,振替,4653958.92,振替_104,カナダ,CAN
2024-02-10,ACC002,TXN0105,手数料,-8192.89,手数料_105,スイス,CHE
2024-06-10,ACC007,TXN0106,出金,-276359.78,出金_106,オーストラリア,AUS
2024-05-29,ACC008,TXN0107,為替取引,3405961.82,為替取引_107,シンガポール,SGP
2024-01-01,ACC005,TXN0108,振替,4044021.09,振替_108,カナダ,CAN
2024-09-12,ACC008,TXN0109,利息,86599.9,利息_109,シンガポール,SGP
2024-02-15,ACC001,TXN0110,入金,-636192.67,入金_110,韓国,KOR
2024-12-06,ACC008,TXN0111,手数料,-7694.02,手数料_111,日本,JPN
2024-02-17,ACC001,TXN0112,出金,-3893832.63,出金_112,ドイツ,DEU
2024-02-09,ACC004,TXN0113,為替取引,2864801.44,為替取引_113,韓国,KOR
2024-10-11,ACC004,TXN0114,利息,52091.13,利息_114,日本,JPN
2024-04-16,ACC002,TXN0115,利息,65293.48,利息_115,スイス,CHE
2024-03-07,ACC007,TXN0116,入金,-1794443.18,入金_116,ドイツ,DEU
2024-04-14,ACC006,TXN0117,入金,3559560.35,入金_117,韓国,KOR
2024-04-22,ACC007,TXN0118,振替,2516714.74,振替_118,アメリカ,USA
2024-04-01,ACC002,TXN0119,利息,27996.75,利息_119,カナダ,CAN
2024-02-29,ACC002,TXN0120,手数料,-3587.99,手数料_120,オーストラリア,AUS
2024-10-31,ACC005,TXN0121,出金,-1321809.07,出金_121,シンガポール,SGP
2024-10-28,ACC005,TXN0122,手数料,-9343.67,手数料_122,ドイツ,DEU
2024-04-30,ACC002,TXN0123,利息,64718.07,利息_123,イギリス,GBR
2024-12-14,ACC005,TXN0124,利息,14037.05,利息_124,シンガポール,SGP
2024-03-23,ACC005,TXN0125,手数料,-5189.81,手数料_125,ドイツ,DEU
2024-04-10,ACC006,TXN0126,為替取引,-748659.78,為替取引_126,オーストラリア,AUS
2024-11-03,ACC006,TXN0127,出金,-1405786.81,出金_127,イギリス,GBR
2024-04-08,ACC001,TXN0128,手数料,-6556.08,手数料_128,ドイツ,DEU
2024-02-29,ACC001,TXN0129,入金,1154536.46,入金_129,オーストラリア,AUS
2024-12-16,ACC004,TXN0130,入金,2095157.18,入金_130,カナダ,CAN
2024-03-07,ACC003,TXN0131,為替取引,2157425.15,為替取引_131,日本,JPN
2024-10-08,ACC001,TXN0132,出金,-2683350.66,出金_132,オーストラリア,AUS
2024-05-05,ACC006,TXN0133,手数料,-9581.95,手数料_133,イギリス,GBR
2024-05-23,ACC004,TXN0134,手数料,-1708.3,手数料_134,オーストラリア,AUS
2024-03-27,ACC004,TXN0135,手数料,-5748.43,手数料_135,カナダ,CAN
2024-10-06,ACC002,TXN0136,振替,-1786522.26,振替_136,カナダ,CAN
2024-09-19,ACC005,TXN0137,為替取引,107313.26,為替取引_137,フランス,FRA
2024-08-01,ACC006,TXN0138,振替,627298.03,振替_138,シンガポール,SGP
2024-12-21,ACC005,TXN0139,利息,37754.48,利息_139,シンガポール,SGP
2024-01-28,ACC002,TXN0140,入金,2697723.38,入金_140,ドイツ,DEU
2024-02-10,ACC002,TXN0141,利息,29080.01,利息_141,ドイツ,DEU
2024-12-11,ACC002,TXN0142,振替,-1558472.43,振替_142,韓国,KOR
2024-05-05,ACC002,TXN0143,入金,3356309.59,入金_143,韓国,KOR
2024-02-12,ACC005,TXN0144,利息,26583.0,利息_144,カナダ,CAN
2024-03-25,ACC007,TXN0145,出金,-1608185.8,出金_145,韓国,KOR
2024-11-24,ACC005,TXN0146,為替取引,817385.1,為替取引_146,カナダ,CAN
2024-12-08,ACC008,TXN0147,出金,-4862022.31,出金_147,フランス,FRA
2024-06-01,ACC005,TXN0148,手数料,-9247.86,手数料_148,カナダ,CAN
2024-01-03,ACC004,TXN0149,利息,22189.01,利息_149,韓国,KOR
2024-06-30,ACC008,TXN0150,利息,84258.79,利息_150,アメリカ,USA
2024-08-01,ACC002,TXN0151,振替,107192.4,振替_151,フランス,FRA
2024-06-07,ACC007,TXN0152,出金,-821559.96,出金_152,ドイツ,DEU
2024-09-10,ACC006,TXN0153,出金,-1506181.28,出金_153,アメリカ,USA
2024-03-23,ACC002,TXN0154,為替取引,4514753.8,為替取引_154,韓国,KOR
2024-06-20,ACC005,TXN0155,手数料,-4436.22,手数料_155,アメリカ,USA
2024-09-06,ACC007,TXN0156,手数料,-9081.52,手数料_156,オーストラリア,AUS
2024-04-01,ACC005,TXN0157,為替取引,3985676.14,為替取引_157,カナダ,CAN
2024-06-29,ACC003,TXN0158,利息,74327.6,利息_158,アメリカ,USA
2024-05-02,ACC002,TXN0159,利息,55000.92,利息_159,韓国,KOR
2024-07-13,ACC001,TXN0160,利息,17911.65,利息_160,アメリカ,USA
2024-11-12,ACC008,TXN0161,利息,59385.25,利息_161,オーストラリア,AUS
2024-06-19,ACC003,TXN0162,振替,2344029.37,振替_162,フランス,FRA
2024-11-21,ACC007,TXN0163,為替取引,2974269.09,為替取引_163,フランス,FRA
2024-09-24,ACC007,TXN0164,為替取引,923257.27,為替取引_164,カナダ,CAN
2024-10-19,ACC007,TXN0165,出金,-421736.04,出金_165,韓国,KOR
2024-10-11,ACC006,TXN0166,出金,-177568.84,出金_166,イギリス,GBR
2024-10-13,ACC002,TXN0167,利息,87588.52,利息_167,シンガポール,SGP
2024-10-23,ACC007,TXN0168,利息,30188.54,利息_168,カナダ,CAN
2024-03-19,ACC002,TXN0169,手数料,-4572.79,手数料_169,フランス,FRA
2024-11-14,ACC007,TXN0170,入金,731782.11,入金_170,フランス,FRA
2024-05-14,ACC008,TXN0171,手数料,-3100.77,手数料_171,韓国,KOR
2024-10-07,ACC002,TXN0172,入金,-1339442.66,入金_172,スイス,CHE
2024-10-25,ACC006,TXN0173,手数料,-1725.39,手数料_173,オーストラリア,AUS
2024-11-15,ACC007,TXN0174,入金,4282486.57,入金_174,フランス,FRA
2024-02-29,ACC008,TXN0175,振替,3640929.39,振替_175,オーストラリア,AUS
2024-05-28,ACC007,TXN0176,出金,-3792438.87,出金_176,フランス,FRA
2024-04-03,ACC003,TXN0177,振替,1843537.46,振替_177,イギリス,GBR
2024-09-13,ACC004,TXN0178,入金,-937119.07,入金_178,オーストラリア,AUS
2024-02-23,ACC002,TXN0179,入金,1183458.14,入金_179,オーストラリア,AUS
2024-05-26,ACC006,TXN0180,出金,-1405125.84,出金_180,韓国,KOR
2024-10-02,ACC001,TXN0181,入金,-428950.7,入金_181,オーストラリア,AUS
2024-07-19,ACC006,TXN0182,出金,-3218729.7,出金_182,ドイツ,DEU
2024-07-16,ACC002,TXN0183,為替取引,4110827.82,為替取引_183,アメリカ,USA
2024-08-16,ACC001,TXN0184,手数料,-5578.25,手数料_184,ドイツ,DEU
2024-08-08,ACC002,TXN0185,振替,3422342.8,振替_185,カナダ,CAN
2024-03-21,ACC003,TXN0186,利息,43392.87,利息_186,日本,JPN
2024-07-11,ACC008,TXN0187,手数料,-4990.62,手数料_187,ドイツ,DEU
2024-06-01,ACC001,TXN0188,振替,-1885047.07,振替_188,イギリス,GBR
2024-08-20,ACC006,TXN0189,手数料,-5969.47,手数料_189,ドイツ,DEU
2024-10-28,ACC008,TXN0190,利息,11077.52,利息_190,オーストラリア,AUS
2024-06-29,ACC008,TXN0191,振替,4521250.78,振替_191,シンガポール,SGP
2024-01-29,ACC004,TXN0192,手数料,-7784.38,手数料_192,カナダ,CAN
2024-03-22,ACC005,TXN0193,為替取引,-558952.66,為替取引_193,ドイツ,DEU
2024-07-23,ACC008,TXN0194,為替取引,-100145.7,為替取引_194,オーストラリア,AUS
2024-06-17,ACC006,TXN0195,手数料,-3863.02,手数料_195,日本,JPN
2024-04-14,ACC005,TXN0196,為替取引,2554172.96,為替取引_196,オーストラリア,AUS
2024-03-31,ACC004,TXN0197,振替,4195625.58,振替_197,カナダ,CAN
2024-04-26,ACC006,TXN0198,振替,605434.69,振替_198,カナダ,CAN
2024-12-10,ACC002,TXN0199,手数料,-5304.47,手数料_199,日本,JPN
2024-05-30,ACC008,TXN0200,出金,-3834321.64,出金_200,フランス,FRA
2024-08-16,ACC006,TXN0201,入金,-1788368.58,入金_201,イギリス,GBR
2024-07-16,ACC006,TXN0202,利息,63345.32,利息_202,日本,JPN
2024-12-02,ACC003,TXN0203,入金,2929757.16,入金_203,韓国,KOR
2024-05-25,ACC007,TXN0204,利息,65369.99,利息_204,アメリカ,USA
2024-01-03,ACC006,TXN0205,入金,2847499.55,入金_205,韓国,KOR
2024-10-27,ACC006,TXN0206,入金,3621538.33,入金_206,日本,JPN
2024-03-11,ACC007,TXN0207,利息,47266.26,利息_207,アメリカ,USA
2024-03-08,ACC004,TXN0208,出金,-1740910.92,出金_208,日本,JPN
2024-10-20,ACC006,TXN0209,入金,1531039.33,入金_209,フランス,FRA
2024-03-22,ACC001,TXN0210,為替取引,2826417.35,為替取引_210,スイス,CHE
2024-06-19,ACC008,TXN0211,振替,-959575.53,振替_211,韓国,KOR
2024-05-04,ACC005,TXN0212,振替,3060740.73,振替_212,アメリカ,USA
2024-10-08,ACC005,TXN0213,手数料,-4159.54,手数料_213,カナダ,CAN
2024-12-28,ACC003,TXN0214,振替,2380290.98,振替_214,シンガポール,SGP
2024-03-14,ACC002,TXN0215,振替,2425570.94,振替_215,シンガポール,SGP
2024-02-05,ACC006,TXN0216,入金,1964344.71,入金_216,オーストラリア,AUS
2024-08-11,ACC004,TXN0217,為替取引,4994849.56,為替取引_217,シンガポール,SGP
2024-05-26,ACC002,TXN0218,振替,2962918.6,振替_218,フランス,FRA
2024-07-23,ACC007,TXN0219,出金,-2620648.25,出金_219,韓国,KOR
2024-03-29,ACC001,TXN0220,振替,2794130.87,振替_220,シンガポール,SGP
2024-08-01,ACC002,TXN0221,利息,41290.55,利息_221,アメリカ,USA
2024-11-24,ACC002,TXN0222,入金,3290321.74,入金_222,オーストラリア,AUS
2024-06-29,ACC003,TXN0223,為替取引,3612817.94,為替取引_223,ドイツ,DEU
2024-11-19,ACC007,TXN0224,為替取引,-1347626.25,為替取引_224,スイス,CHE
2024-05-19,ACC004,TXN0225,出金,-737920.32,出金_225,アメリカ,USA
2024-02-13,ACC004,TXN0226,利息,23519.37,利息_226,日本,JPN
2024-11-28,ACC001,TXN0227,利息,55771.4,利息_227,韓国,KOR
2024-02-29,ACC003,TXN0228,出金,-1664590.39,出金_228,フランス,FRA
2024-02-10,ACC001,TXN0229,入金,-1113061.48,入金_229,イギリス,GBR
2024-04-24,ACC005,TXN0230,出金,-1827771.46,出金_230,オーストラリア,AUS
2024-07-20,ACC005,TXN0231,為替取引,-460701.87,為替取引_231,日本,JPN
2024-01-23,ACC007,TXN0232,為替取引,3651557.46,為替取引_232,フランス,FRA
2024-06-21,ACC007,TXN0233,出金,-2990684.78,出金_233,アメリカ,USA
2024-05-08,ACC004,TXN0234,入金,4701652.98,入金_234,カナダ,CAN
2024-07-31,ACC006,TXN0235,利息,68538.53,利息_235,アメリカ,USA
2024-12-16,ACC004,TXN0236,為替取引,-1142194.31,為替取引_236,日本,JPN
2024-11-24,ACC005,TXN0237,入金,-104035.3,入金_237,イギリス,GBR
2024-02-06,ACC006,TXN0238,手数料,-3203.21,手数料_238,イギリス,GBR
2024-09-08,ACC005,TXN0239,振替,4807657.63,振替_239,シンガポール,SGP
2024-09-23,ACC002,TXN0240,為替取引,-734191.17,為替取引_240,ドイツ,DEU
2024-12-23,ACC005,TXN0241,振替,3296165.7,振替_241,日本,JPN
2024-09-01,ACC007,TXN0242,出金,-4783186.06,出金_242,韓国,KOR
2024-07-09,ACC006,TXN0243,出金,-2709010.5,出金_243,ドイツ,DEU
2024-05-13,ACC006,TXN0244,利息,15791.7,利息_244,イギリス,GBR
2024-11-19,ACC002,TXN0245,入金,-30692.35,入金_245,韓国,KOR
2024-10-15,ACC005,TXN0246,為替取引,4399064.7,為替取引_246,フランス,FRA
2024-06-17,ACC002,TXN0247,振替,3867062.49,振替_247,韓国,KOR
2024-04-15,ACC004,TXN0248,出金,-2207086.06,出金_248,アメリカ,USA
2024-01-13,ACC003,TXN0249,振替,2525288.35,振替_249,ドイツ,DEU
2024-07-26,ACC008,TXN0250,利息,39036.56,利息_250,日本,JPN
2024-03-24,ACC006,TXN0251,利息,90813.41,利息_251,シンガポール,SGP
2024-03-18,ACC002,TXN0252,出金,-594990.36,出金_252,日本,JPN
2024-08-01,ACC001,TXN0253,出金,-2376422.61,出金_253,日本,JPN
2024-06-17,ACC004,TXN0254,振替,176384.56,振替_254,韓国,KOR
2024-03-25,ACC005,TXN0255,手数料,-2717.18,手数料_255,シンガポール,SGP
2024-10-15,ACC008,TXN0256,手数料,-6299.8,手数料_256,アメリカ,USA
2024-02-12,ACC005,TXN0257,出金,-4867716.79,出金_257,ドイツ,DEU
2024-11-28,ACC006,TXN0258,出金,-813622.42,出金_258,シンガポール,SGP
2024-06-12,ACC006,TXN0259,入金,2855164.59,入金_259,オーストラリア,AUS
2024-07-22,ACC004,TXN0260,入金,1044841.55,入金_260,ドイツ,DEU
2024-03-01,ACC002,TXN0261,入金,-873185.29,入金_261,日本,JPN
2024-01-27,ACC001,TXN0262,入金,1574851.99,入金_262,イギリス,GBR
2024-09-10,ACC007,TXN0263,出金,-703800.88,出金_263,オーストラリア,AUS
2024-06-03,ACC007,TXN0264,為替取引,1861054.35,為替取引_264,スイス,CHE
2024-09-11,ACC002,TXN0265,出金,-3385037.62,出金_265,イギリス,GBR
2024-04-16,ACC006,TXN0266,利息,43370.51,利息_266,オーストラリア,AUS
2024-05-05,ACC006,TXN0267,振替,2223048.77,振替_267,カナダ,CAN
2024-11-17,ACC008,TXN0268,手数料,-4165.44,手数料_268,イギリス,GBR
2024-05-30,ACC001,TXN0269,出金,-3987747.28,出金_269,ドイツ,DEU
2024-03-04,ACC008,TXN0270,利息,48821.94,利息_270,アメリカ,USA
2024-01-25,ACC008,TXN0271,手数料,-6286.71,手数料_271,オーストラリア,AUS
2024-10-23,ACC002,TXN0272,為替取引,-443981.08,為替取引_272,スイス,CHE
2024-10-10,ACC005,TXN0273,手数料,-1444.76,手数料_273,カナダ,CAN
2024-12-02,ACC007,TXN0274,手数料,-6755.0,手数料_274,イギリス,GBR
2024-05-11,ACC002,TXN0275,利息,98833.21,利息_275,韓国,KOR
2024-06-20,ACC005,TXN0276,入金,3512280.06,入金_276,スイス,CHE
2024-05-10,ACC002,TXN0277,入金,2675449.03,入金_277,オーストラリア,AUS
2024-03-27,ACC005,TXN0278,出金,-2776021.01,出金_278,アメリカ,USA
2024-09-26,ACC008,TXN0279,出金,-2668778.1,出金_279,日本,JPN
2024-06-09,ACC008,TXN0280,手数料,-6527.65,手数料_280,韓国,KOR
2024-11-15,ACC003,TXN0281,出金,-254968.24,出金_281,オーストラリア,AUS
2024-12-29,ACC004,TXN0282,出金,-2327132.95,出金_282,ドイツ,DEU
2024-01-30,ACC002,TXN0283,出金,-2668066.0,出金_283,オーストラリア,AUS
2024-05-02,ACC006,TXN0284,利息,15501.62,利息_284,イギリス,GBR
2024-05-28,ACC007,TXN0285,入金,1696207.78,入金_285,スイス,CHE
2024-01-31,ACC006,TXN0286,利息,89966.77,利息_286,カナダ,CAN
2024-01-06,ACC002,TXN0287,為替取引,3683407.93,為替取引_287,カナダ,CAN
2024-08-16,ACC005,TXN0288,利息,48493.63,利息_288,韓国,KOR
2024-06-29,ACC004,TXN0289,為替取引,3642003.77,為替取引_289,フランス,FRA
2024-05-21,ACC003,TXN0290,利息,73640.15,利息_290,ドイツ,DEU
2024-08-30,ACC005,TXN0291,出金,-1826440.91,出金_291,シンガポール,SGP
2024-05-23,ACC006,TXN0292,利息,27979.12,利息_292,イギリス,GBR
2024-06-06,ACC006,TXN0293,手数料,-5344.47,手数料_293,アメリカ,USA
2024-03-31,ACC006,TXN0294,出金,-884025.41,出金_294,フランス,FRA
2024-04-19,ACC001,TXN0295,手数料,-4956.7,手数料_295,ドイツ,DEU
2024-05-15,ACC007,TXN0296,手数料,-8191.14,手数料_296,ドイツ,DEU
2024-09-20,ACC004,TXN0297,振替,701416.64,振替_297,イギリス,GBR
2024-10-24,ACC005,TXN0298,入金,2521746.34,入金_298,イギリス,GBR
2024-07-13,ACC005,TXN0299,為替取引,-180218.74,為替取引_299,オーストラリア,AUS
2024-11-23,ACC008,TXN0300,振替,3247163.81,振替_300,カナダ,CAN
2024-03-21,ACC008,TXN0301,出金,-4842944.21,出金_301,韓国,KOR
2024-11-01,ACC008,TXN0302,利息,60268.81,利息_302,スイス,CHE
2024-05-09,ACC001,TXN0303,手数料,-4542.34,手数料_303,スイス,CHE
2024-05-15,ACC007,TXN0304,振替,4778300.8,振替_304,アメリカ,USA
2024-02-02,ACC006,TXN0305,入金,1408467.79,入金_305,日本,JPN
2024-07-07,ACC001,TXN0306,手数料,-1808.75,手数料_306,シンガポール,SGP
2024-06-16,ACC007,TXN0307,出金,-1360945.89,出金_307,イギリス,GBR
2024-08-15,ACC005,TXN0308,利息,12776.01,利息_308,シンガポール,SGP
2024-01-19,ACC005,TXN0309,振替,3853437.67,振替_309,アメリカ,USA
2024-03-15,ACC005,TXN0310,手数料,-7826.39,手数料_310,日本,JPN
2024-03-18,ACC003,TXN0311,手数料,-5242.24,手数料_311,アメリカ,USA
2024-12-03,ACC005,TXN0312,入金,4401717.47,入金_312,オーストラリア,AUS
2024-09-20,ACC008,TXN0313,為替取引,2828934.35,為替取引_313,フランス,FRA
2024-10-29,ACC003,TXN0314,出金,-1061999.59,出金_314,ドイツ,DEU
2024-07-14,ACC002,TXN0315,手数料,-8272.28,手数料_315,フランス,FRA
2024-10-16,ACC002,TXN0316,手数料,-9665.6,手数料_316,日本,JPN
2024-03-08,ACC007,TXN0317,出金,-2959202.71,出金_317,日本,JPN
2024-06-28,ACC006,TXN0318,出金,-1076230.52,出金_318,カナダ,CAN
2024-11-14,ACC002,TXN0319,手数料,-7515.28,手数料_319,フランス,FRA
2024-10-04,ACC005,TXN0320,振替,-650663.2,振替_320,シンガポール,SGP
2024-04-29,ACC006,TXN0321,手数料,-7509.6,手数料_321,日本,JPN
2024-07-12,ACC006,TXN0322,入金,-16662.94,入金_322,フランス,FRA
2024-04-02,ACC004,TXN0323,入金,2780614.66,入金_323,スイス,CHE
2024-11-26,ACC003,TXN0324,利息,44673.12,利息_324,イギリス,GBR
2024-08-09,ACC007,TXN0325,振替,2160788.89,振替_325,ドイツ,DEU
2024-01-19,ACC008,TXN0326,手数料,-8153.26,手数料_326,フランス,FRA
2024-06-04,ACC005,TXN0327,出金,-733999.05,出金_327,韓国,KOR
2024-11-01,ACC004,TXN0328,出金,-2125993.66,出金_328,アメリカ,USA
2024-05-11,ACC005,TXN0329,為替取引,1951352.7,為替取引_329,アメリカ,USA
2024-10-18,ACC006,TXN0330,出金,-1387001.54,出金_330,韓国,KOR
2024-10-31,ACC008,TXN0331,為替取引,556104.27,為替取引_331,アメリカ,USA
2024-11-06,ACC001,TXN0332,入金,304684.96,入金_332,日本,JPN
2024-02-02,ACC004,TXN0333,手数料,-9906.55,手数料_333,スイス,CHE
2024-07-29,ACC007,TXN0334,振替,-647131.36,振替_334,シンガポール,SGP
2024-06-05,ACC008,TXN0335,手数料,-5223.16,手数料_335,アメリカ,USA
2024-10-28,ACC007,TXN0336,入金,1714675.38,入金_336,フランス,FRA
2024-09-24,ACC008,TXN0337,手数料,-8080.17,手数料_337,日本,JPN
2024-08-16,ACC005,TXN0338,入金,3260189.09,入金_338,オーストラリア,AUS
2024-07-29,ACC006,TXN0339,利息,27558.1,利息_339,フランス,FRA
2024-01-28,ACC007,TXN0340,入金,-1387211.27,入金_340,イギリス,GBR
2024-06-29,ACC005,TXN0341,入金,1968734.26,入金_341,日本,JPN
2024-05-17,ACC004,TXN0342,利息,77214.37,利息_342,シンガポール,SGP
2024-05-06,ACC002,TXN0343,手数料,-2916.64,手数料_343,韓国,KOR
2024-03-13,ACC006,TXN0344,入金,2478129.62,入金_344,韓国,KOR
2024-10-02,ACC001,TXN0345,手数料,-4754.28,手数料_345,オーストラリア,AUS
2024-05-06,ACC002,TXN0346,入金,2966326.4,入金_346,フランス,FRA
2024-02-01,ACC004,TXN0347,入金,3559431.53,入金_347,スイス,CHE
2024-11-24,ACC004,TXN0348,振替,3471234.37,振替_348,スイス,CHE
2024-09-27,ACC004,TXN0349,手数料,-2985.6,手数料_349,イギリス,GBR
2024-08-18,ACC003,TXN0350,振替,4627947.58,振替_350,オーストラリア,AUS
2024-12-24,ACC007,TXN0351,入金,2435265.97,入金_351,オーストラリア,AUS
2024-12-15,ACC005,TXN0352,出金,-1037453.26,出金_352,オーストラリア,AUS
2024-01-30,ACC004,TXN0353,出金,-3002908.87,出金_353,韓国,KOR
2024-10-28,ACC006,TXN0354,入金,152588.17,入金_354,イギリス,GBR
2024-07-23,ACC008,TXN0355,手数料,-6415.71,手数料_355,フランス,FRA
2024-04-25,ACC003,TXN0356,手数料,-7466.54,手数料_356,日本,JPN
2024-04-30,ACC002,TXN0357,振替,-300538.96,振替_357,日本,JPN
2024-02-13,ACC007,TXN0358,手数料,-8132.92,手数料_358,アメリカ,USA
2024-04-01,ACC003,TXN0359,手数料,-5042.37,手数料_359,イギリス,GBR
2024-08-24,ACC008,TXN0360,利息,99359.36,利息_360,ドイツ,DEU
2024-10-20,ACC006,TXN0361,振替,128156.35,振替_361,オーストラリア,AUS
2024-03-13,ACC005,TXN0362,手数料,-7159.34,手数料_362,オーストラリア,AUS
2024-10-26,ACC008,TXN0363,為替取引,-1714824.85,為替取引_363,ドイツ,DEU
2024-06-16,ACC004,TXN0364,出金,-3373624.72,出金_364,韓国,KOR
2024-02-14,ACC008,TXN0365,入金,-1769716.75,入金_365,韓国,KOR
2024-02-19,ACC005,TXN0366,出金,-4709897.27,出金_366,カナダ,CAN
2024-08-06,ACC001,TXN0367,出金,-4725095.48,出金_367,イギリス,GBR
2024-11-07,ACC001,TXN0368,手数料,-3537.88,手数料_368,アメリカ,USA
2024-10-30,ACC004,TXN0369,入金,2498469.31,入金_369,フランス,FRA
2024-05-24,ACC008,TXN0370,入金,94759.13,入金_370,ドイツ,DEU
2024-10-14,ACC006,TXN0371,振替,1591760.4,振替_371,スイス,CHE
2024-01-24,ACC001,TXN0372,手数料,-7767.08,手数料_372,スイス,CHE
2024-07-29,ACC001,TXN0373,手数料,-2119.17,手数料_373,カナダ,CAN
2024-03-09,ACC001,TXN0374,振替,-433740.73,振替_374,オーストラリア,AUS
2024-04-02,ACC001,TXN0375,利息,36173.56,利息_375,フランス,FRA
2024-11-06,ACC008,TXN0376,出金,-3411780.99,出金_376,フランス,FRA
2024-02-14,ACC006,TXN0377,手数料,-8806.58,手数料_377,オーストラリア,AUS
2024-06-08,ACC007,TXN0378,手数料,-6439.96,手数料_378,スイス,CHE
2024-11-01,ACC001,TXN0379,利息,83567.25,利息_379,スイス,CHE
2024-05-31,ACC004,TXN0380,入金,674116.27,入金_380,アメリカ,USA
2024-07-12,ACC008,TXN0381,入金,353189.58,入金_381,フランス,FRA
2024-07-30,ACC005,TXN0382,利息,24672.56,利息_382,ドイツ,DEU
2024-07-31,ACC005,TXN0383,入金,4720498.25,入金_383,ドイツ,DEU
2024-01-24,ACC001,TXN0384,利息,13757.71,利息_384,オーストラリア,AUS
2024-07-19,ACC007,TXN0385,利息,92810.86,利息_385,フランス,FRA
2024-04-23,ACC007,TXN0386,出金,-4208895.53,出金_386,日本,JPN
2024-01-31,ACC002,TXN0387,利息,66306.55,利息_387,フランス,FRA
2024-11-17,ACC003,TXN0388,利息,50919.63,利息_388,韓国,KOR
2024-01-03,ACC006,TXN0389,入金,2182458.18,入金_389,韓国,KOR
2024-04-02,ACC004,TXN0390,振替,4172287.71,振替_390,日本,JPN
2024-04-21,ACC001,TXN0391,手数料,-5529.87,手数料_391,イギリス,GBR
2024-03-20,ACC001,TXN0392,手数料,-7496.17,手数料_392,フランス,FRA
2024-04-15,ACC002,TXN0393,振替,1341006.81,振替_393,アメリカ,USA
2024-06-26,ACC007,TXN0394,出金,-2170454.42,出金_394,カナダ,CAN
2024-10-30,ACC005,TXN0395,為替取引,-1560377.79,為替取引_395,アメリカ,USA
2024-02-23,ACC006,TXN0396,利息,21065.67,利息_396,ドイツ,DEU
2024-01-06,ACC004,TXN0397,利息,98251.07,利息_397,韓国,KOR
2024-08-03,ACC007,TXN0398,為替取引,-838702.47,為替取引_398,韓国,KOR
2024-01-30,ACC004,TXN0399,利息,19327.55,利息_399,韓国,KOR
2024-05-05,ACC001,TXN0400,利息,14378.15,利息_400,韓国,KOR
2024-05-01,ACC008,TXN0401,為替取引,3306642.46,為替取引_401,イギリス,GBR
2024-04-11,ACC007,TXN0402,振替,556683.35,振替_402,韓国,KOR
2024-06-04,ACC002,TXN0403,出金,-2839486.13,出金_403,フランス,FRA
2024-03-09,ACC001,TXN0404,為替取引,3184063.0,為替取引_404,オーストラリア,AUS
2024-12-13,ACC006,TXN0405,為替取引,888917.15,為替取引_405,スイス,CHE
2024-11-14,ACC007,TXN0406,為替取引,-657459.68,為替取引_406,カナダ,CAN
2024-08-05,ACC007,TXN0407,利息,61193.73,利息_407,シンガポール,SGP
2024-10-01,ACC004,TXN0408,入金,3144081.52,入金_408,アメリカ,USA
2024-02-23,ACC005,TXN0409,手数料,-9559.51,手数料_409,シンガポール,SGP
2024-12-31,ACC002,TXN0410,振替,-1776651.7,振替_410,韓国,KOR
2024-02-28,ACC006,TXN0411,入金,1447462.72,入金_411,日本,JPN
2024-02-06,ACC005,TXN0412,振替,-1323859.35,振替_412,オーストラリア,AUS
2024-10-02,ACC006,TXN0413,出金,-2296633.42,出金_413,韓国,KOR
2024-07-21,ACC006,TXN0414,振替,3003397.04,振替_414,カナダ,CAN
2024-04-26,ACC001,TXN0415,手数料,-3845.67,手数料_415,シンガポール,SGP
2024-10-06,ACC008,TXN0416,入金,539594.22,入金_416,フランス,FRA
2024-06-29,ACC007,TXN0417,手数料,-1006.68,手数料_417,スイス,CHE
2024-02-13,ACC008,TXN0418,入金,3041688.66,入金_418,アメリカ,USA
2024-12-23,ACC008,TXN0419,入金,4480328.16,入金_419,ドイツ,DEU
2024-01-31,ACC006,TXN0420,利息,37456.58,利息_420,アメリカ,USA
2024-09-26,ACC002,TXN0421,振替,-3503.52,振替_421,アメリカ,USA
2024-01-02,ACC004,TXN0422,為替取引,3245402.44,為替取引_422,フランス,FRA
2024-09-16,ACC006,TXN0423,為替取引,4142916.83,為替取引_423,ドイツ,DEU
2024-10-16,ACC008,TXN0424,利息,32430.61,利息_424,イギリス,GBR
2024-07-10,ACC006,TXN0425,為替取引,3656537.34,為替取引_425,カナダ,CAN
2024-09-28,ACC007,TXN0426,振替,3202533.23,振替_426,ドイツ,DEU
2024-07-14,ACC001,TXN0427,入金,1121715.88,入金_427,ドイツ,DEU
2024-12-12,ACC008,TXN0428,手数料,-8648.76,手数料_428,シンガポール,SGP
2024-03-10,ACC002,TXN0429,手数料,-1798.86,手数料_429,韓国,KOR
2024-03-17,ACC006,TXN0430,手数料,-1456.32,手数料_430,日本,JPN
2024-10-27,ACC008,TXN0431,入金,3249702.01,入金_431,スイス,CHE
2024-02-13,ACC005,TXN0432,為替取引,1672815.98,為替取引_432,フランス,FRA
2024-02-13,ACC001,TXN0433,利息,66118.27,利息_433,韓国,KOR
2024-11-30,ACC004,TXN0434,出金,-287370.61,出金_434,イギリス,GBR
2024-04-04,ACC002,TXN0435,入金,-1473573.61,入金_435,韓国,KOR
2024-01-09,ACC002,TXN0436,為替取引,-1714944.08,為替取引_436,スイス,CHE
2024-08-04,ACC007,TXN0437,入金,-1994013.84,入金_437,オーストラリア,AUS
2024-12-05,ACC001,TXN0438,利息,82699.04,利息_438,フランス,FRA
2024-05-28,ACC001,TXN0439,振替,-782196.58,振替_439,フランス,FRA
2024-02-15,ACC006,TXN0440,入金,-737097.22,入金_440,ドイツ,DEU
2024-09-08,ACC007,TXN0441,出金,-1972875.42,出金_441,日本,JPN
2024-04-28,ACC003,TXN0442,利息,70204.18,利息_442,スイス,CHE
2024-08-11,ACC003,TXN0443,手数料,-2050.19,手数料_443,韓国,KOR
2024-09-15,ACC004,TXN0444,為替取引,560017.32,為替取引_444,イギリス,GBR
2024-03-24,ACC007,TXN0445,入金,176885.48,入金_445,イギリス,GBR
2024-11-16,ACC004,TXN0446,出金,-4312051.43,出金_446,スイス,CHE
2024-11-05,ACC004,TXN0447,入金,181684.54,入金_447,韓国,KOR
2024-07-11,ACC004,TXN0448,入金,4563676.48,入金_448,カナダ,CAN
2024-03-22,ACC007,TXN0449,手数料,-6978.89,手数料_449,日本,JPN
2024-11-11,ACC004,TXN0450,為替取引,1430419.31,為替取引_450,アメリカ,USA
2024-12-14,ACC003,TXN0451,出金,-1103546.06,出金_451,アメリカ,USA
2024-06-27,ACC004,TXN0452,利息,70119.46,利息_452,フランス,FRA
2024-05-02,ACC006,TXN0453,手数料,-4191.81,手数料_453,日本,JPN
2024-06-18,ACC004,TXN0454,為替取引,1122694.45,為替取引_454,オーストラリア,AUS
2024-09-14,ACC003,TXN0455,手数料,-5766.91,手数料_455,イギリス,GBR
2024-03-02,ACC005,TXN0456,利息,47737.08,利息_456,ドイツ,DEU
2024-09-04,ACC006,TXN0457,入金,172323.31,入金_457,イギリス,GBR
2024-11-28,ACC001,TXN0458,入金,986877.42,入金_458,スイス,CHE
2024-02-25,ACC004,TXN0459,入金,-1991355.05,入金_459,スイス,CHE
2024-10-14,ACC005,TXN0460,利息,33748.31,利息_460,オーストラリア,AUS
2024-11-29,ACC007,TXN0461,手数料,-1406.41,手数料_461,カナダ,CAN
2024-04-14,ACC005,TXN0462,利息,18785.13,利息_462,フランス,FRA
2024-07-05,ACC003,TXN0463,手数料,-3313.25,手数料_463,カナダ,CAN
2024-06-26,ACC001,TXN0464,利息,37121.91,利息_464,アメリカ,USA
2024-09-27,ACC003,TXN0465,振替,896121.1,振替_465,スイス,CHE
2024-05-28,ACC001,TXN0466,入金,222085.25,入金_466,オーストラリア,AUS
2024-01-24,ACC004,TXN0467,手数料,-7956.31,手数料_467,スイス,CHE
2024-12-07,ACC007,TXN0468,出金,-2635292.62,出金_468,日本,JPN
2024-06-21,ACC006,TXN0469,振替,946281.72,振替_469,カナダ,CAN
2024-10-26,ACC001,TXN0470,手数料,-5835.09,手数料_470,カナダ,CAN
2024-01-13,ACC007,TXN0471,手数料,-6367.79,手数料_471,ドイツ,DEU
2024-03-31,ACC003,TXN0472,出金,-2335298.02,出金_472,カナダ,CAN
2024-02-06,ACC006,TXN0473,振替,2573284.89,振替_473,フランス,FRA
2024-02-14,ACC002,TXN0474,利息,34745.63,利息_474,スイス,CHE
2024-07-12,ACC005,TXN0475,手数料,-3982.94,手数料_475,カナダ,CAN
2024-07-15,ACC003,TXN0476,手数料,-3578.04,手数料_476,ドイツ,DEU
2024-11-01,ACC005,TXN0477,為替取引,4356683.66,為替取引_477,フランス,FRA
2024-05-12,ACC002,TXN0478,振替,4044917.2,振替_478,フランス,FRA
2024-04-26,ACC003,TXN0479,出金,-679169.43,出金_479,韓国,KOR
2024-12-11,ACC002,TXN0480,入金,1605444.7,入金_480,シンガポール,SGP
2024-04-29,ACC001,TXN0481,為替取引,1665540.61,為替取引_481,イギリス,GBR
2024-12-27,ACC007,TXN0482,入金,-1796081.95,入金_482,アメリカ,USA
2024-03-23,ACC008,TXN0483,為替取引,-400623.1,為替取引_483,韓国,KOR
2024-05-29,ACC004,TXN0484,利息,18068.88,利息_484,韓国,KOR
2024-09-27,ACC004,TXN0485,入金,-1061649.96,入金_485,カナダ,CAN
2024-02-11,ACC006,TXN0486,入金,190320.89,入金_486,スイス,CHE
2024-07-31,ACC005,TXN0487,為替取引,-1576463.11,為替取引_487,フランス,FRA
2024-09-22,ACC002,TXN0488,入金,-1364805.94,入金_488,フランス,FRA
2024-09-28,ACC003,TXN0489,入金,-847401.92,入金_489,イギリス,GBR
2024-06-30,ACC008,TXN0490,利息,41712.0,利息_490,イギリス,GBR
2024-05-11,ACC005,TXN0491,出金,-1046685.3,出金_491,日本,JPN
2024-04-28,ACC001,TXN0492,為替取引,2357229.96,為替取引_492,イギリス,GBR
2024-09-04,ACC007,TXN0493,利息,91456.05,利息_493,フランス,FRA
2024-05-16,ACC002,TXN0494,出金,-2974366.96,出金_494,日本,JPN
2024-08-22,ACC001,TXN0495,手数料,-8162.79,手数料_495,カナダ,CAN
2024-11-03,ACC002,TXN0496,出金,-4857478.39,出金_496,ドイツ,DEU
2024-11-25,ACC007,TXN0497,出金,-4376907.27,出金_497,イギリス,GBR
2024-06-28,ACC002,TXN0498,手数料,-5127.18,手数料_498,イギリス,GBR
2024-10-10,ACC003,TXN0499,利息,64038.37,利息_499,オーストラリア,AUS
2024-04-03,ACC003,TXN0500,為替取引,4481818.32,為替取引_500,韓国,KOR
2024-11-03,ACC007,TXN0501,手数料,-3584.13,手数料_501,オーストラリア,AUS
2024-01-25,ACC003,TXN0502,入金,4141281.67,入金_502,フランス,FRA
2024-05-01,ACC007,TXN0503,出金,-3444216.43,出金_503,カナダ,CAN
2024-11-19,ACC002,TXN0504,手数料,-8561.86,手数料_504,韓国,KOR
2024-08-20,ACC003,TXN0505,振替,617709.02,振替_505,シンガポール,SGP
2024-06-15,ACC002,TXN0506,手数料,-1863.81,手数料_506,日本,JPN
2024-07-27,ACC004,TXN0507,為替取引,738343.13,為替取引_507,アメリカ,USA
2024-08-23,ACC005,TXN0508,入金,670182.46,入金_508,ドイツ,DEU
2024-07-19,ACC007,TXN0509,利息,30091.27,利息_509,イギリス,GBR
2024-01-27,ACC007,TXN0510,出金,-3239081.34,出金_510,フランス,FRA
2024-07-16,ACC001,TXN0511,出金,-4373889.57,出金_511,ドイツ,DEU
2024-10-22,ACC001,TXN0512,利息,93829.92,利息_512,イギリス,GBR
2024-05-22,ACC006,TXN0513,利息,76422.28,利息_513,シンガポール,SGP
2024-11-04,ACC007,TXN0514,入金,1535089.86,入金_514,オーストラリア,AUS
2024-06-24,ACC001,TXN0515,為替取引,-191666.46,為替取引_515,日本,JPN
2024-08-30,ACC008,TXN0516,出金,-3092842.61,出金_516,イギリス,GBR
2024-10-23,ACC006,TXN0517,出金,-321936.5,出金_517,アメリカ,USA
2024-01-26,ACC001,TXN0518,出金,-1412902.58,出金_518,フランス,FRA
2024-03-26,ACC006,TXN0519,為替取引,-1741504.84,為替取引_519,ドイツ,DEU
2024-07-18,ACC002,TXN0520,出金,-522168.91,出金_520,スイス,CHE
2024-03-13,ACC002,TXN0521,出金,-1457076.21,出金_521,カナダ,CAN
2024-12-09,ACC005,TXN0522,出金,-1855379.28,出金_522,フランス,FRA
2024-12-17,ACC001,TXN0523,出金,-2249486.13,出金_523,イギリス,GBR
2024-02-09,ACC007,TXN0524,手数料,-1407.87,手数料_524,韓国,KOR
2024-02-28,ACC001,TXN0525,振替,3171480.83,振替_525,アメリカ,USA
2024-11-22,ACC006,TXN0526,手数料,-2418.66,手数料_526,フランス,FRA
2024-02-05,ACC004,TXN0527,入金,-1160441.71,入金_527,アメリカ,USA
2024-05-05,ACC007,TXN0528,手数料,-9778.2,手数料_528,韓国,KOR
2024-10-19,ACC001,TXN0529,出金,-4372985.53,出金_529,オーストラリア,AUS
2024-08-05,ACC005,TXN0530,振替,1099062.36,振替_530,韓国,KOR
2024-08-11,ACC007,TXN0531,手数料,-4676.12,手数料_531,イギリス,GBR
2024-04-09,ACC002,TXN0532,利息,18725.95,利息_532,日本,JPN
2024-04-07,ACC005,TXN0533,為替取引,4396165.39,為替取引_533,日本,JPN
2024-04-15,ACC003,TXN0534,振替,3240451.0,振替_534,カナダ,CAN
2024-11-02,ACC005,TXN0535,振替,4470457.91,振替_535,日本,JPN
2024-11-27,ACC008,TXN0536,手数料,-4314.94,手数料_536,スイス,CHE
2024-08-27,ACC006,TXN0537,振替,1532598.19,振替_537,オーストラリア,AUS
2024-08-28,ACC008,TXN0538,為替取引,4507186.0,為替取引_538,フランス,FRA
2024-03-26,ACC006,TXN0539,振替,-579287.63,振替_539,フランス,FRA
2024-06-13,ACC003,TXN0540,為替取引,2377578.46,為替取引_540,イギリス,GBR
2024-06-16,ACC002,TXN0541,出金,-1574470.42,出金_541,ドイツ,DEU
2024-05-28,ACC006,TXN0542,振替,1039857.56,振替_542,日本,JPN
2024-10-31,ACC008,TXN0543,出金,-2053751.91,出金_543,シンガポール,SGP
2024-02-06,ACC005,TXN0544,入金,-1701922.75,入金_544,オーストラリア,AUS
2024-12-09,ACC007,TXN0545,手数料,-5438.21,手数料_545,カナダ,CAN
2024-05-23,ACC005,TXN0546,入金,4499762.96,入金_546,シンガポール,SGP
2024-02-22,ACC004,TXN0547,手数料,-4639.74,手数料_547,韓国,KOR
2024-07-14,ACC005,TXN0548,入金,313128.28,入金_548,イギリス,GBR
2024-09-09,ACC006,TXN0549,振替,-1273856.62,振替_549,アメリカ,USA
2024-01-06,ACC001,TXN0550,為替取引,4621687.19,為替取引_550,シンガポール,SGP
2024-10-14,ACC001,TXN0551,手数料,-3352.61,手数料_551,韓国,KOR
2024-12-20,ACC001,TXN0552,手数料,-6161.6,手数料_552,ドイツ,DEU
2024-02-24,ACC005,TXN0553,利息,84211.15,利息_553,日本,JPN
2024-01-01,ACC002,TXN0554,手数料,-6848.96,手数料_554,日本,JPN
2024-05-25,ACC002,TXN0555,振替,554935.87,振替_555,イギリス,GBR
2024-02-03,ACC001,TXN0556,出金,-2610200.95,出金_556,フランス,FRA
2024-03-15,ACC007,TXN0557,振替,-493278.75,振替_557,イギリス,GBR
2024-07-21,ACC002,TXN0558,入金,-155172.36,入金_558,オーストラリア,AUS
2024-02-09,ACC002,TXN0559,出金,-1345380.56,出金_559,アメリカ,USA
2024-11-10,ACC003,TXN0560,利息,26372.41,利息_560,カナダ,CAN
2024-02-25,ACC002,TXN0561,利息,76978.32,利息_561,韓国,KOR
2024-05-17,ACC001,TXN0562,為替取引,-1056320.63,為替取引_562,カナダ,CAN
2024-05-27,ACC005,TXN0563,振替,4487960.88,振替_563,オーストラリア,AUS
2024-03-12,ACC004,TXN0564,入金,3999981.64,入金_564,シンガポール,SGP
2024-08-20,ACC002,TXN0565,出金,-4413189.85,出金_565,ドイツ,DEU
2024-04-04,ACC005,TXN0566,為替取引,-1634600.92,為替取引_566,韓国,KOR
2024-04-30,ACC006,TXN0567,為替取引,-1255764.3,為替取引_567,シンガポール,SGP
2024-06-10,ACC005,TXN0568,利息,23550.15,利息_568,カナダ,CAN
2024-07-23,ACC001,TXN0569,為替取引,-1560239.15,為替取引_569,日本,JPN
2024-09-19,ACC002,TXN0570,手数料,-2430.69,手数料_570,カナダ,CAN
2024-04-20,ACC006,TXN0571,出金,-1949357.52,出金_571,日本,JPN
2024-10-15,ACC005,TXN0572,振替,1297659.44,振替_572,ドイツ,DEU
2024-08-18,ACC005,TXN0573,入金,-767827.37,入金_573,イギリス,GBR
2024-04-01,ACC003,TXN0574,出金,-1079625.81,出金_574,スイス,CHE
2024-05-19,ACC007,TXN0575,利息,91310.03,利息_575,アメリカ,USA
2024-09-28,ACC004,TXN0576,利息,64834.96,利息_576,スイス,CHE
2024-01-14,ACC006,TXN0577,入金,-1812795.18,入金_577,イギリス,GBR
2024-09-30,ACC007,TXN0578,手数料,-1520.27,手数料_578,アメリカ,USA
2024-12-20,ACC001,TXN0579,利息,60295.24,利息_579,フランス,FRA
2024-08-03,ACC004,TXN0580,利息,62446.33,利息_580,イギリス,GBR
2024-04-04,ACC007,TXN0581,入金,663022.6,入金_581,シンガポール,SGP
2024-11-21,ACC004,TXN0582,振替,4920354.89,振替_582,日本,JPN
2024-02-09,ACC003,TXN0583,振替,-732006.1,振替_583,シンガポール,SGP
2024-09-04,ACC003,TXN0584,利息,80404.51,利息_584,アメリカ,USA
2024-01-30,ACC002,TXN0585,入金,-882868.56,入金_585,韓国,KOR
2024-06-24,ACC003,TXN0586,入金,-684245.43,入金_586,カナダ,CAN
2024-03-17,ACC001,TXN0587,入金,275555.98,入金_587,オーストラリア,AUS
2024-09-23,ACC004,TXN0588,手数料,-7549.64,手数料_588,シンガポール,SGP
2024-06-29,ACC006,TXN0589,入金,1079525.4,入金_589,イギリス,GBR
2024-03-06,ACC003,TXN0590,入金,-1464278.14,入金_590,ドイツ,DEU
2024-12-09,ACC007,TXN0591,手数料,-9143.84,手数料_591,日本,JPN
2024-09-24,ACC007,TXN0592,出金,-679871.99,出金_592,ドイツ,DEU
2024-04-13,ACC008,TXN0593,利息,73412.3,利息_593,カナダ,CAN
2024-11-12,ACC003,TXN0594,手数料,-4570.58,手数料_594,オーストラリア,AUS
2024-04-30,ACC001,TXN0595,為替取引,2088960.85,為替取引_595,カナダ,CAN
2024-05-25,ACC007,TXN0596,出金,-2473430.74,出金_596,スイス,CHE
2024-04-21,ACC001,TXN0597,為替取引,2523453.84,為替取引_597,イギリス,GBR
2024-07-24,ACC005,TXN0598,為替取引,4053054.93,為替取引_598,オーストラリア,AUS
2024-03-21,ACC003,TXN0599,利息,45645.52,利息_599,フランス,FRA
2024-10-20,ACC003,TXN0600,入金,-1197660.84,入金_600,シンガポール,SGP
2024-06-21,ACC007,TXN0601,振替,3707349.43,振替_601,ドイツ,DEU
2024-10-30,ACC006,TXN0602,手数料,-7663.28,手数料_602,日本,JPN
2024-10-30,ACC001,TXN0603,手数料,-5099.56,手数料_603,アメリカ,USA
2024-03-03,ACC001,TXN0604,出金,-3277385.77,出金_604,オーストラリア,AUS
2024-08-26,ACC002,TXN0605,手数料,-1918.48,手数料_605,韓国,KOR
2024-11-15,ACC005,TXN0606,為替取引,1588501.04,為替取引_606,イギリス,GBR
2024-12-24,ACC002,TXN0607,利息,52683.45,利息_607,スイス,CHE
2024-11-29,ACC004,TXN0608,利息,87068.43,利息_608,スイス,CHE
2024-05-24,ACC007,TXN0609,振替,4414700.74,振替_609,日本,JPN
2024-06-28,ACC001,TXN0610,利息,26203.34,利息_610,日本,JPN
2024-11-29,ACC005,TXN0611,手数料,-2650.75,手数料_611,シンガポール,SGP
2024-03-30,ACC005,TXN0612,為替取引,1836744.95,為替取引_612,シンガポール,SGP
2024-09-26,ACC004,TXN0613,為替取引,1107000.56,為替取引_613,アメリカ,USA
2024-03-28,ACC006,TXN0614,為替取引,4070402.56,為替取引_614,シンガポール,SGP
2024-10-03,ACC008,TXN0615,入金,-1202289.67,入金_615,スイス,CHE
2024-08-08,ACC007,TXN0616,利息,26772.9,利息_616,スイス,CHE
2024-11-11,ACC002,TXN0617,振替,1230066.83,振替_617,ドイツ,DEU
2024-01-04,ACC007,TXN0618,振替,3816475.31,振替_618,韓国,KOR
2024-02-08,ACC008,TXN0619,為替取引,2819702.83,為替取引_619,アメリカ,USA
2024-06-09,ACC002,TXN0620,手数料,-5679.32,手数料_620,日本,JPN
2024-07-13,ACC005,TXN0621,利息,89419.15,利息_621,日本,JPN
2024-11-06,ACC001,TXN0622,利息,23923.57,利息_622,シンガポール,SGP
2024-01-21,ACC002,TXN0623,入金,4536334.05,入金_623,オーストラリア,AUS
2024-12-01,ACC002,TXN0624,振替,-1640172.89,振替_624,スイス,CHE
2024-05-08,ACC007,TXN0625,為替取引,4727560.45,為替取引_625,フランス,FRA
2024-10-23,ACC003,TXN0626,入金,1974866.76,入金_626,韓国,KOR
2024-01-18,ACC008,TXN0627,手数料,-2795.72,手数料_627,カナダ,CAN
2024-04-11,ACC003,TXN0628,為替取引,3019172.9,為替取引_628,カナダ,CAN
2024-01-23,ACC007,TXN0629,為替取引,-1188044.1,為替取引_629,カナダ,CAN
2024-10-24,ACC005,TXN0630,手数料,-2786.8,手数料_630,カナダ,CAN
2024-07-07,ACC001,TXN0631,手数料,-8684.43,手数料_631,ドイツ,DEU
2024-06-15,ACC006,TXN0632,入金,-335961.2,入金_632,フランス,FRA
2024-12-14,ACC001,TXN0633,為替取引,1394131.82,為替取引_633,イギリス,GBR
2024-06-21,ACC006,TXN0634,出金,-461656.28,出金_634,フランス,FRA
2024-06-27,ACC002,TXN0635,振替,1751956.74,振替_635,シンガポール,SGP
2024-12-19,ACC008,TXN0636,利息,63724.6,利息_636,オーストラリア,AUS
2024-12-29,ACC006,TXN0637,為替取引,1676193.49,為替取引_637,スイス,CHE
2024-05-28,ACC006,TXN0638,為替取引,-1118252.15,為替取引_638,フランス,FRA
2024-08-12,ACC004,TXN0639,入金,3560511.99,入金_639,韓国,KOR
2024-12-09,ACC004,TXN0640,入金,4714525.34,入金_640,フランス,FRA
2024-05-28,ACC001,TXN0641,手数料,-7243.63,手数料_641,アメリカ,USA
2024-05-19,ACC006,TXN0642,為替取引,-375857.62,為替取引_642,日本,JPN
2024-09-22,ACC001,TXN0643,入金,-1724772.48,入金_643,シンガポール,SGP
2024-05-12,ACC007,TXN0644,手数料,-6495.97,手数料_644,ドイツ,DEU
2024-05-15,ACC006,TXN0645,為替取引,-1943243.67,為替取引_645,スイス,CHE
2024-11-28,ACC007,TXN0646,入金,4990008.43,入金_646,日本,JPN
2024-11-03,ACC002,TXN0647,出金,-3809117.5,出金_647,アメリカ,USA
2024-04-14,ACC002,TXN0648,為替取引,-103488.35,為替取引_648,フランス,FRA
2024-11-21,ACC003,TXN0649,利息,42101.6,利息_649,ドイツ,DEU
2024-11-24,ACC007,TXN0650,入金,236157.09,入金_650,シンガポール,SGP
2024-01-19,ACC005,TXN0651,利息,30113.99,利息_651,アメリカ,USA
2024-07-20,ACC004,TXN0652,為替取引,604448.06,為替取引_652,日本,JPN
2024-10-15,ACC004,TXN0653,振替,137042.2,振替_653,イギリス,GBR
2024-02-14,ACC008,TXN0654,入金,3087499.34,入金_654,フランス,FRA
2024-09-24,ACC005,TXN0655,為替取引,3981857.45,為替取引_655,アメリカ,USA
2024-07-15,ACC002,TXN0656,出金,-1848016.42,出金_656,カナダ,CAN
2024-01-03,ACC001,TXN0657,利息,15449.34,利息_657,イギリス,GBR
2024-07-05,ACC004,TXN0658,手数料,-6396.37,手数料_658,ドイツ,DEU
2024-03-11,ACC001,TXN0659,入金,-879223.85,入金_659,イギリス,GBR
2024-06-03,ACC007,TXN0660,出金,-1335072.22,出金_660,日本,JPN
2024-01-09,ACC007,TXN0661,手数料,-7362.56,手数料_661,韓国,KOR
2024-09-17,ACC004,TXN0662,入金,-455486.5,入金_662,オーストラリア,AUS
2024-07-05,ACC004,TXN0663,為替取引,3265715.46,為替取引_663,カナダ,CAN
2024-09-06,ACC007,TXN0664,為替取引,802942.42,為替取引_664,韓国,KOR
2024-02-24,ACC001,TXN0665,振替,-1567555.32,振替_665,スイス,CHE
2024-07-15,ACC004,TXN0666,出金,-3045931.35,出金_666,オーストラリア,AUS
2024-06-03,ACC005,TXN0667,入金,2279068.79,入金_667,日本,JPN
2024-06-17,ACC002,TXN0668,出金,-2747417.93,出金_668,ドイツ,DEU
2024-11-03,ACC008,TXN0669,利息,85807.8,利息_669,アメリカ,USA
2024-07-01,ACC003,TXN0670,振替,2746307.73,振替_670,ドイツ,DEU
2024-09-23,ACC003,TXN0671,利息,10509.76,利息_671,日本,JPN
2024-07-05,ACC003,TXN0672,手数料,-3531.81,手数料_672,韓国,KOR
2024-06-25,ACC003,TXN0673,手数料,-5095.72,手数料_673,カナダ,CAN
2024-06-16,ACC008,TXN0674,振替,4869883.27,振替_674,オーストラリア,AUS
2024-07-27,ACC001,TXN0675,出金,-4150186.85,出金_675,オーストラリア,AUS
2024-12-27,ACC007,TXN0676,手数料,-9457.16,手数料_676,シンガポール,SGP
2024-06-24,ACC006,TXN0677,為替取引,3783407.92,為替取引_677,イギリス,GBR
2024-08-23,ACC008,TXN0678,振替,-1781304.79,振替_678,シンガポール,SGP
2024-01-28,ACC001,TXN0679,振替,998601.98,振替_679,オーストラリア,AUS
2024-01-24,ACC003,TXN0680,振替,1074161.08,振替_680,シンガポール,SGP
2024-06-22,ACC004,TXN0681,振替,1621825.31,振替_681,ドイツ,DEU
2024-08-21,ACC005,TXN0682,出金,-1378168.41,出金_682,韓国,KOR
2024-02-08,ACC007,TXN0683,為替取引,1436320.54,為替取引_683,カナダ,CAN
2024-01-29,ACC003,TXN0684,入金,-767768.71,入金_684,カナダ,CAN
2024-03-17,ACC002,TXN0685,手数料,-4666.6,手数料_685,日本,JPN
2024-02-16,ACC007,TXN0686,利息,60225.44,利息_686,イギリス,GBR
2024-12-14,ACC004,TXN0687,入金,367335.82,入金_687,イギリス,GBR
2024-08-04,ACC003,TXN0688,出金,-3027662.27,出金_688,スイス,CHE
2024-10-17,ACC001,TXN0689,入金,3378797.13,入金_689,カナダ,CAN
2024-11-04,ACC005,TXN0690,振替,3189553.82,振替_690,カナダ,CAN
2024-07-22,ACC008,TXN0691,利息,84303.06,利息_691,日本,JPN
2024-08-19,ACC007,TXN0692,利息,86202.12,利息_692,カナダ,CAN
2024-11-06,ACC001,TXN0693,為替取引,550332.06,為替取引_693,イギリス,GBR
2024-01-08,ACC008,TXN0694,利息,46274.77,利息_694,イギリス,GBR
2024-09-13,ACC003,TXN0695,出金,-1988359.16,出金_695,アメリカ,USA
2024-10-19,ACC002,TXN0696,為替取引,3414647.38,為替取引_696,イギリス,GBR
2024-03-27,ACC002,TXN0697,利息,54950.09,利息_697,イギリス,GBR
2024-09-30,ACC006,TXN0698,手数料,-5998.14,手数料_698,韓国,KOR
2024-10-20,ACC001,TXN0699,手数料,-3455.14,手数料_699,ドイツ,DEU
2024-05-22,ACC007,TXN0700,手数料,-9803.95,手数料_700,シンガポール,SGP
2024-01-26,ACC006,TXN0701,出金,-3800868.03,出金_701,イギリス,GBR
2024-09-21,ACC008,TXN0702,為替取引,-678439.73,為替取引_702,アメリカ,USA
2024-01-11,ACC006,TXN0703,為替取引,2297761.1,為替取引_703,ドイツ,DEU
2024-10-16,ACC006,TXN0704,出金,-2756330.91,出金_704,日本,JPN
2024-03-08,ACC007,TXN0705,入金,2612996.32,入金_705,韓国,KOR
2024-08-12,ACC002,TXN0706,為替取引,101273.88,為替取引_706,アメリカ,USA
2024-07-18,ACC006,TXN0707,利息,97430.8,利息_707,オーストラリア,AUS
2024-09-22,ACC002,TXN0708,振替,3639300.59,振替_708,ドイツ,DEU
2024-07-09,ACC003,TXN0709,手数料,-5016.0,手数料_709,イギリス,GBR
2024-10-09,ACC008,TXN0710,振替,4395227.5,振替_710,フランス,FRA
2024-05-17,ACC003,TXN0711,入金,2547119.72,入金_711,韓国,KOR
2024-05-30,ACC008,TXN0712,手数料,-1742.86,手数料_712,日本,JPN
2024-07-09,ACC007,TXN0713,利息,50296.54,利息_713,スイス,CHE
2024-03-22,ACC003,TXN0714,振替,409966.41,振替_714,韓国,KOR
2024-01-17,ACC005,TXN0715,利息,26286.63,利息_715,シンガポール,SGP
2024-01-09,ACC007,TXN0716,出金,-3579320.38,出金_716,日本,JPN
2024-08-13,ACC005,TXN0717,出金,-1773604.19,出金_717,フランス,FRA
2024-10-04,ACC006,TXN0718,手数料,-1428.67,手数料_718,ドイツ,DEU
2024-08-25,ACC002,TXN0719,振替,4297865.13,振替_719,日本,JPN
2024-07-23,ACC006,TXN0720,利息,32264.49,利息_720,シンガポール,SGP
2024-04-02,ACC007,TXN0721,利息,46427.06,利息_721,シンガポール,SGP
2024-09-14,ACC005,TXN0722,振替,2243264.27,振替_722,韓国,KOR
2024-03-03,ACC002,TXN0723,手数料,-8171.54,手数料_723,スイス,CHE
2024-03-08,ACC004,TXN0724,振替,281284.92,振替_724,ドイツ,DEU
2024-06-04,ACC003,TXN0725,入金,2689282.07,入金_725,スイス,CHE
2024-11-20,ACC003,TXN0726,為替取引,-988924.39,為替取引_726,イギリス,GBR
2024-01-11,ACC004,TXN0727,為替取引,4190893.57,為替取引_727,フランス,FRA
2024-01-17,ACC001,TXN0728,為替取引,3447205.42,為替取引_728,オーストラリア,AUS
2024-12-09,ACC004,TXN0729,出金,-2835390.3,出金_729,韓国,KOR
2024-11-22,ACC002,TXN0730,利息,74325.46,利息_730,カナダ,CAN
2024-06-25,ACC004,TXN0731,振替,1352504.26,振替_731,シンガポール,SGP
2024-04-30,ACC006,TXN0732,振替,2187297.42,振替_732,アメリカ,USA
2024-12-11,ACC003,TXN0733,為替取引,2779640.75,為替取引_733,オーストラリア,AUS
2024-01-21,ACC007,TXN0734,入金,755619.98,入金_734,イギリス,GBR
2024-06-19,ACC007,TXN0735,利息,23607.19,利息_735,フランス,FRA
2024-02-23,ACC003,TXN0736,入金,-350569.07,入金_736,日本,JPN
2024-04-23,ACC001,TXN0737,振替,49924.01,振替_737,韓国,KOR
2024-12-18,ACC004,TXN0738,入金,3685294.28,入金_738,カナダ,CAN
2024-09-05,ACC004,TXN0739,為替取引,-1232798.86,為替取引_739,オーストラリア,AUS
2024-04-11,ACC005,TXN0740,手数料,-7321.75,手数料_740,韓国,KOR
2024-12-20,ACC004,TXN0741,入金,-138712.87,入金_741,カナダ,CAN
2024-08-29,ACC006,TXN0742,入金,2322294.39,入金_742,イギリス,GBR
2024-11-17,ACC005,TXN0743,為替取引,-1432150.69,為替取引_743,アメリカ,USA
2024-01-10,ACC008,TXN0744,振替,3080306.65,振替_744,アメリカ,USA
2024-06-03,ACC007,TXN0745,為替取引,835774.18,為替取引_745,オーストラリア,AUS
2024-06-04,ACC003,TXN0746,出金,-1240238.63,出金_746,カナダ,CAN
2024-01-29,ACC003,TXN0747,振替,4821023.1,振替_747,フランス,FRA
2024-08-20,ACC001,TXN0748,入金,4046951.67,入金_748,オーストラリア,AUS
2024-01-11,ACC004,TXN0749,手数料,-8842.05,手数料_749,日本,JPN
2024-06-05,ACC008,TXN0750,手数料,-3456.45,手数料_750,韓国,KOR
2024-01-20,ACC002,TXN0751,振替,2006586.24,振替_751,日本,JPN
2024-01-19,ACC006,TXN0752,為替取引,-105839.8,為替取引_752,オーストラリア,AUS
2024-09-07,ACC004,TXN0753,為替取引,1248168.02,為替取引_753,韓国,KOR
2024-05-24,ACC003,TXN0754,入金,2835935.39,入金_754,オーストラリア,AUS
2024-01-03,ACC004,TXN0755,出金,-3231557.54,出金_755,韓国,KOR
2024-02-16,ACC006,TXN0756,振替,292104.22,振替_756,オーストラリア,AUS
2024-03-07,ACC007,TXN0757,利息,40083.71,利息_757,オーストラリア,AUS
2024-10-18,ACC004,TXN0758,入金,-1185319.75,入金_758,アメリカ,USA
2024-07-24,ACC008,TXN0759,出金,-1326542.46,出金_759,韓国,KOR
2024-01-01,ACC006,TXN0760,出金,-4451977.62,出金_760,日本,JPN
2024-09-09,ACC003,TXN0761,為替取引,-654397.79,為替取引_761,スイス,CHE
2024-12-06,ACC008,TXN0762,利息,93106.9,利息_762,シンガポール,SGP
2024-11-30,ACC004,TXN0763,手数料,-3185.51,手数料_763,シンガポール,SGP
2024-07-03,ACC006,TXN0764,振替,-1879942.48,振替_764,ドイツ,DEU
2024-07-23,ACC007,TXN0765,利息,68675.1,利息_765,カナダ,CAN
2024-12-14,ACC007,TXN0766,入金,-477839.61,入金_766,シンガポール,SGP
2024-08-14,ACC005,TXN0767,為替取引,1956750.35,為替取引_767,ドイツ,DEU
2024-10-03,ACC003,TXN0768,入金,-1328624.12,入金_768,ドイツ,DEU
2024-03-30,ACC007,TXN0769,手数料,-6539.29,手数料_769,フランス,FRA
2024-09-29,ACC008,TXN0770,振替,-678033.24,振替_770,ドイツ,DEU
2024-11-27,ACC002,TXN0771,手数料,-3019.87,手数料_771,オーストラリア,AUS
2024-11-19,ACC008,TXN0772,入金,-829843.76,入金_772,韓国,KOR
2024-03-18,ACC006,TXN0773,為替取引,29068.86,為替取引_773,シンガポール,SGP
2024-04-27,ACC001,TXN0774,利息,38230.58,利息_774,スイス,CHE
2024-05-02,ACC008,TXN0775,為替取引,1007787.49,為替取引_775,カナダ,CAN
2024-11-06,ACC002,TXN0776,手数料,-5112.34,手数料_776,カナダ,CAN
2024-08-21,ACC002,TXN0777,振替,4889058.64,振替_777,日本,JPN
2024-05-30,ACC003,TXN0778,出金,-996341.72,出金_778,スイス,CHE
2024-12-01,ACC004,TXN0779,利息,62430.2,利息_779,ドイツ,DEU
2024-11-07,ACC007,TXN0780,手数料,-6995.17,手数料_780,韓国,KOR
2024-08-30,ACC004,TXN0781,入金,3635403.44,入金_781,日本,JPN
2024-09-17,ACC005,TXN0782,入金,971941.07,入金_782,日本,JPN
2024-11-20,ACC001,TXN0783,利息,56702.26,利息_783,オーストラリア,AUS
2024-09-05,ACC001,TXN0784,出金,-1134105.49,出金_784,アメリカ,USA
2024-10-19,ACC007,TXN0785,手数料,-5163.77,手数料_785,フランス,FRA
2024-05-19,ACC001,TXN0786,利息,49441.58,利息_786,ドイツ,DEU
2024-06-04,ACC008,TXN0787,振替,3360962.88,振替_787,オーストラリア,AUS
2024-06-28,ACC004,TXN0788,入金,1857169.25,入金_788,シンガポール,SGP
2024-07-06,ACC003,TXN0789,手数料,-4295.89,手数料_789,韓国,KOR
2024-06-24,ACC006,TXN0790,振替,-914128.73,振替_790,日本,JPN
2024-10-12,ACC004,TXN0791,入金,-1381478.67,入金_791,フランス,FRA
2024-01-23,ACC005,TXN0792,利息,83575.24,利息_792,スイス,CHE
2024-04-24,ACC004,TXN0793,入金,-1761457.28,入金_793,スイス,CHE
2024-01-31,ACC006,TXN0794,入金,-645889.49,入金_794,オーストラリア,AUS
2024-06-05,ACC007,TXN0795,利息,59250.38,利息_795,ドイツ,DEU
2024-12-05,ACC008,TXN0796,手数料,-4153.12,手数料_796,韓国,KOR
2024-08-14,ACC006,TXN0797,出金,-3987571.69,出金_797,シンガポール,SGP
2024-06-29,ACC003,TXN0798,為替取引,2535329.66,為替取引_798,スイス,CHE
2024-08-11,ACC003,TXN0799,為替取引,-357584.13,為替取引_799,アメリカ,USA
2024-07-21,ACC006,TXN0800,為替取引,2255561.51,為替取引_800,オーストラリア,AUS
2024-04-29,ACC003,TXN0801,出金,-2787551.06,出金_801,ドイツ,DEU
2024-09-21,ACC004,TXN0802,利息,26923.73,利息_802,韓国,KOR
2024-12-20,ACC006,TXN0803,為替取引,523968.09,為替取引_803,アメリカ,USA
2024-03-23,ACC008,TXN0804,為替取引,-1682324.52,為替取引_804,オーストラリア,AUS
2024-07-03,ACC005,TXN0805,手数料,-8427.41,手数料_805,フランス,FRA
2024-09-12,ACC002,TXN0806,為替取引,-497775.44,為替取引_806,カナダ,CAN
2024-05-19,ACC002,TXN0807,利息,65743.11,利息_807,ドイツ,DEU
2024-03-24,ACC004,TXN0808,出金,-400216.57,出金_808,イギリス,GBR
2024-10-03,ACC001,TXN0809,振替,2842834.23,振替_809,カナダ,CAN
2024-03-01,ACC001,TXN0810,出金,-2658511.96,出金_810,韓国,KOR
2024-06-06,ACC008,TXN0811,出金,-1830585.0,出金_811,韓国,KOR
2024-12-11,ACC001,TXN0812,手数料,-7620.45,手数料_812,韓国,KOR
2024-09-09,ACC003,TXN0813,手数料,-3018.21,手数料_813,スイス,CHE
2024-01-21,ACC007,TXN0814,出金,-760250.2,出金_814,スイス,CHE
2024-12-04,ACC005,TXN0815,出金,-4594200.74,出金_815,フランス,FRA
2024-02-12,ACC008,TXN0816,利息,93367.35,利息_816,オーストラリア,AUS
2024-01-20,ACC004,TXN0817,振替,-415834.76,振替_817,日本,JPN
2024-02-18,ACC001,TXN0818,為替取引,2084594.0,為替取引_818,シンガポール,SGP
2024-06-04,ACC002,TXN0819,手数料,-8706.14,手数料_819,カナダ,CAN
2024-01-09,ACC001,TXN0820,利息,23568.55,利息_820,フランス,FRA
2024-10-16,ACC005,TXN0821,為替取引,1569515.42,為替取引_821,シンガポール,SGP
2024-12-23,ACC003,TXN0822,為替取引,361136.54,為替取引_822,シンガポール,SGP
2024-07-21,ACC003,TXN0823,入金,2985484.23,入金_823,ドイツ,DEU
2024-08-05,ACC001,TXN0824,手数料,-9441.68,手数料_824,フランス,FRA
2024-12-08,ACC001,TXN0825,入金,67904.51,入金_825,フランス,FRA
2024-04-25,ACC004,TXN0826,出金,-1414436.01,出金_826,イギリス,GBR
2024-04-26,ACC003,TXN0827,入金,-1910006.16,入金_827,シンガポール,SGP
2024-06-29,ACC005,TXN0828,為替取引,510664.88,為替取引_828,ドイツ,DEU
2024-07-11,ACC001,TXN0829,利息,90688.69,利息_829,オーストラリア,AUS
2024-03-15,ACC005,TXN0830,出金,-3927833.82,出金_830,フランス,FRA
2024-05-06,ACC003,TXN0831,為替取引,4353865.66,為替取引_831,オーストラリア,AUS
2024-04-16,ACC008,TXN0832,振替,1360202.43,振替_832,スイス,CHE
2024-10-21,ACC005,TXN0833,利息,62112.36,利息_833,カナダ,CAN
2024-09-15,ACC002,TXN0834,振替,3118680.11,振替_834,スイス,CHE
2024-12-19,ACC001,TXN0835,為替取引,4283379.72,為替取引_835,オーストラリア,AUS
2024-04-13,ACC007,TXN0836,振替,2107817.27,振替_836,シンガポール,SGP
2024-10-18,ACC001,TXN0837,為替取引,-1101655.41,為替取引_837,シンガポール,SGP
2024-05-30,ACC003,TXN0838,出金,-3456946.09,出金_838,シンガポール,SGP
2024-06-12,ACC003,TXN0839,振替,1408732.39,振替_839,スイス,CHE
2024-01-13,ACC003,TXN0840,振替,3219660.61,振替_840,アメリカ,USA
2024-11-21,ACC007,TXN0841,入金,2339277.37,入金_841,シンガポール,SGP
2024-09-20,ACC001,TXN0842,為替取引,-504123.48,為替取引_842,カナダ,CAN
2024-07-29,ACC001,TXN0843,利息,10461.43,利息_843,シンガポール,SGP
2024-08-01,ACC006,TXN0844,入金,562075.01,入金_844,オーストラリア,AUS
2024-05-13,ACC007,TXN0845,振替,-66202.87,振替_845,シンガポール,SGP
2024-01-03,ACC006,TXN0846,入金,1574960.78,入金_846,カナダ,CAN
2024-12-16,ACC008,TXN0847,入金,1601646.56,入金_847,オーストラリア,AUS
2024-03-18,ACC008,TXN0848,手数料,-2860.54,手数料_848,スイス,CHE
2024-10-28,ACC008,TXN0849,利息,12307.63,利息_849,韓国,KOR
2024-12-28,ACC004,TXN0850,振替,517522.21,振替_850,日本,JPN
2024-06-24,ACC004,TXN0851,利息,29135.84,利息_851,フランス,FRA
2024-07-04,ACC006,TXN0852,入金,3667708.16,入金_852,フランス,FRA
2024-07-14,ACC002,TXN0853,手数料,-2553.35,手数料_853,ドイツ,DEU
2024-04-13,ACC004,TXN0854,利息,27016.5,利息_854,カナダ,CAN
2024-01-12,ACC005,TXN0855,出金,-4647746.96,出金_855,イギリス,GBR
2024-12-16,ACC007,TXN0856,利息,61857.94,利息_856,フランス,FRA
2024-05-05,ACC002,TXN0857,出金,-2800933.01,出金_857,韓国,KOR
2024-02-01,ACC004,TXN0858,利息,52452.37,利息_858,ドイツ,DEU
2024-04-02,ACC003,TXN0859,為替取引,1172343.61,為替取引_859,スイス,CHE
2024-08-30,ACC001,TXN0860,利息,70470.64,利息_860,韓国,KOR
2024-05-17,ACC007,TXN0861,手数料,-4291.88,手数料_861,オーストラリア,AUS
2024-07-01,ACC007,TXN0862,手数料,-1364.38,手数料_862,アメリカ,USA
2024-07-01,ACC007,TXN0863,手数料,-9445.16,手数料_863,日本,JPN
2024-06-03,ACC002,TXN0864,入金,655201.82,入金_864,韓国,KOR
2024-07-04,ACC004,TXN0865,出金,-4250825.42,出金_865,イギリス,GBR
2024-12-30,ACC005,TXN0866,手数料,-8804.59,手数料_866,韓国,KOR
2024-12-24,ACC006,TXN0867,為替取引,2882408.75,為替取引_867,オーストラリア,AUS
2024-10-14,ACC004,TXN0868,利息,19599.4,利息_868,オーストラリア,AUS
2024-08-11,ACC001,TXN0869,出金,-753868.74,出金_869,ドイツ,DEU
2024-02-29,ACC001,TXN0870,振替,2430774.73,振替_870,カナダ,CAN
2024-06-06,ACC001,TXN0871,手数料,-4592.42,手数料_871,オーストラリア,AUS
2024-09-13,ACC002,TXN0872,手数料,-2246.54,手数料_872,オーストラリア,AUS
2024-12-06,ACC003,TXN0873,為替取引,3378314.81,為替取引_873,シンガポール,SGP
2024-05-19,ACC005,TXN0874,出金,-3753425.13,出金_874,シンガポール,SGP
2024-06-04,ACC002,TXN0875,入金,807862.54,入金_875,スイス,CHE
2024-04-30,ACC006,TXN0876,出金,-3686341.95,出金_876,韓国,KOR
2024-03-12,ACC004,TXN0877,為替取引,1086472.96,為替取引_877,アメリカ,USA
2024-06-07,ACC005,TXN0878,利息,35820.39,利息_878,スイス,CHE
2024-10-05,ACC002,TXN0879,振替,4966451.58,振替_879,イギリス,GBR
2024-06-21,ACC001,TXN0880,手数料,-5521.48,手数料_880,アメリカ,USA
2024-01-20,ACC006,TXN0881,入金,2278565.07,入金_881,韓国,KOR
2024-03-12,ACC006,TXN0882,出金,-536178.56,出金_882,カナダ,CAN
2024-10-05,ACC001,TXN0883,出金,-1075726.45,出金_883,アメリカ,USA
2024-10-19,ACC004,TXN0884,入金,2415782.43,入金_884,カナダ,CAN
2024-08-02,ACC008,TXN0885,出金,-2595104.21,出金_885,ドイツ,DEU
2024-09-01,ACC001,TXN0886,利息,76621.91,利息_886,オーストラリア,AUS
2024-06-05,ACC006,TXN0887,手数料,-2787.8,手数料_887,オーストラリア,AUS
2024-06-30,ACC006,TXN0888,出金,-3861323.72,出金_888,ドイツ,DEU
2024-12-16,ACC003,TXN0889,為替取引,-840446.06,為替取引_889,韓国,KOR
2024-11-21,ACC002,TXN0890,手数料,-6897.86,手数料_890,イギリス,GBR
2024-03-11,ACC005,TXN0891,入金,2514132.63,入金_891,シンガポール,SGP
2024-10-16,ACC007,TXN0892,入金,-1197133.2,入金_892,韓国,KOR
2024-08-04,ACC005,TXN0893,利息,17424.46,利息_893,カナダ,CAN
2024-06-29,ACC004,TXN0894,手数料,-7080.15,手数料_894,ドイツ,DEU
2024-04-25,ACC003,TXN0895,利息,34877.73,利息_895,オーストラリア,AUS
2024-12-03,ACC005,TXN0896,手数料,-3075.61,手数料_896,フランス,FRA
2024-12-05,ACC001,TXN0897,手数料,-7136.08,手数料_897,スイス,CHE
2024-09-26,ACC005,TXN0898,振替,4153452.5,振替_898,日本,JPN
2024-01-03,ACC001,TXN0899,振替,-300021.05,振替_899,シンガポール,SGP
2024-06-22,ACC002,TXN0900,出金,-2453433.16,出金_900,スイス,CHE
2024-03-07,ACC007,TXN0901,為替取引,7425.47,為替取引_901,韓国,KOR
2024-06-19,ACC006,TXN0902,為替取引,3853971.35,為替取引_902,日本,JPN
2024-05-30,ACC005,TXN0903,入金,610207.96,入金_903,スイス,CHE
2024-09-12,ACC004,TXN0904,為替取引,98135.6,為替取引_904,シンガポール,SGP
2024-05-25,ACC005,TXN0905,出金,-1151254.58,出金_905,カナダ,CAN
2024-11-02,ACC008,TXN0906,出金,-3810947.44,出金_906,シンガポール,SGP
2024-12-23,ACC003,TXN0907,振替,54885.87,振替_907,カナダ,CAN
2024-03-03,ACC006,TXN0908,入金,1442971.35,入金_908,カナダ,CAN
2024-06-29,ACC004,TXN0909,出金,-3461677.39,出金_909,フランス,FRA
2024-12-03,ACC005,TXN0910,入金,3031795.1,入金_910,韓国,KOR
2024-06-30,ACC006,TXN0911,利息,41815.56,利息_911,フランス,FRA
2024-09-11,ACC006,TXN0912,入金,-461472.66,入金_912,韓国,KOR
2024-05-14,ACC006,TXN0913,利息,30750.75,利息_913,オーストラリア,AUS
2024-11-09,ACC007,TXN0914,利息,73788.64,利息_914,韓国,KOR
2024-08-27,ACC008,TXN0915,手数料,-6563.17,手数料_915,シンガポール,SGP
2024-11-30,ACC002,TXN0916,為替取引,725255.61,為替取引_916,イギリス,GBR
2024-11-01,ACC002,TXN0917,振替,-145575.48,振替_917,シンガポール,SGP
2024-06-03,ACC001,TXN0918,手数料,-3994.9,手数料_918,ドイツ,DEU
2024-07-09,ACC005,TXN0919,振替,4093279.39,振替_919,イギリス,GBR
2024-12-05,ACC004,TXN0920,為替取引,2619663.67,為替取引_920,オーストラリア,AUS
2024-07-24,ACC005,TXN0921,為替取引,-4274.19,為替取引_921,スイス,CHE
2024-08-05,ACC008,TXN0922,利息,53348.39,利息_922,フランス,FRA
2024-04-23,ACC008,TXN0923,利息,78559.15,利息_923,ドイツ,DEU
2024-05-25,ACC004,TXN0924,利息,98150.72,利息_924,カナダ,CAN
2024-09-15,ACC006,TXN0925,出金,-604597.55,出金_925,フランス,FRA
2024-08-31,ACC003,TXN0926,為替取引,804372.0,為替取引_926,韓国,KOR
2024-04-08,ACC007,TXN0927,出金,-182177.12,出金_927,日本,JPN
2024-11-02,ACC008,TXN0928,為替取引,746028.09,為替取引_928,韓国,KOR
2024-12-28,ACC008,TXN0929,手数料,-5168.84,手数料_929,韓国,KOR
2024-02-11,ACC001,TXN0930,出金,-2814674.08,出金_930,イギリス,GBR
2024-02-27,ACC002,TXN0931,入金,731007.8,入金_931,ドイツ,DEU
2024-09-23,ACC008,TXN0932,入金,780299.56,入金_932,アメリカ,USA
2024-06-29,ACC007,TXN0933,入金,-325512.28,入金_933,ドイツ,DEU
2024-07-08,ACC007,TXN0934,為替取引,2969487.16,為替取引_934,ドイツ,DEU
2024-07-03,ACC007,TXN0935,出金,-2243154.85,出金_935,イギリス,GBR
2024-05-12,ACC006,TXN0936,為替取引,1135892.87,為替取引_936,シンガポール,SGP
2024-08-22,ACC003,TXN0937,入金,-840095.57,入金_937,日本,JPN
2024-12-14,ACC006,TXN0938,振替,3097273.18,振替_938,フランス,FRA
2024-01-30,ACC007,TXN0939,手数料,-8886.85,手数料_939,カナダ,CAN
2024-06-16,ACC001,TXN0940,利息,31226.63,利息_940,韓国,KOR
2024-01-03,ACC001,TXN0941,為替取引,547698.06,為替取引_941,アメリカ,USA
2024-05-28,ACC007,TXN0942,利息,18296.27,利息_942,イギリス,GBR
2024-04-13,ACC002,TXN0943,手数料,-5251.63,手数料_943,アメリカ,USA
2024-02-29,ACC004,TXN0944,手数料,-9048.27,手数料_944,ドイツ,DEU
2024-10-04,ACC004,TXN0945,振替,3047696.55,振替_945,カナダ,CAN
2024-07-24,ACC006,TXN0946,為替取引,2189118.3,為替取引_946,アメリカ,USA
2024-08-31,ACC005,TXN0947,振替,724413.36,振替_947,ドイツ,DEU
2024-11-16,ACC005,TXN0948,入金,-1320508.2,入金_948,アメリカ,USA
2024-09-23,ACC003,TXN0949,振替,4468022.23,振替_949,アメリカ,USA
2024-05-18,ACC001,TXN0950,振替,-266986.24,振替_950,カナダ,CAN
2024-01-19,ACC002,TXN0951,利息,84383.03,利息_951,スイス,CHE
2024-06-06,ACC002,TXN0952,利息,11660.26,利息_952,オーストラリア,AUS
2024-07-22,ACC006,TXN0953,出金,-1262625.35,出金_953,イギリス,GBR
2024-05-08,ACC004,TXN0954,振替,1234244.52,振替_954,アメリカ,USA
2024-08-05,ACC002,TXN0955,入金,4593063.33,入金_955,シンガポール,SGP
2024-09-13,ACC006,TXN0956,為替取引,2888807.19,為替取引_956,オーストラリア,AUS
2024-10-24,ACC005,TXN0957,振替,-734521.82,振替_957,日本,JPN
2024-05-30,ACC002,TXN0958,出金,-1809303.96,出金_958,スイス,CHE
2024-07-28,ACC004,TXN0959,出金,-3441192.76,出金_959,オーストラリア,AUS
2024-09-17,ACC007,TXN0960,利息,89364.08,利息_960,日本,JPN
2024-02-20,ACC008,TXN0961,手数料,-3909.52,手数料_961,スイス,CHE
2024-12-16,ACC007,TXN0962,振替,1378000.14,振替_962,ドイツ,DEU
2024-03-29,ACC008,TXN0963,為替取引,3723329.47,為替取引_963,韓国,KOR
2024-09-14,ACC007,TXN0964,振替,2276356.39,振替_964,スイス,CHE
2024-09-14,ACC002,TXN0965,手数料,-4702.57,手数料_965,カナダ,CAN
2024-12-30,ACC003,TXN0966,手数料,-6467.96,手数料_966,アメリカ,USA
2024-01-13,ACC001,TXN0967,出金,-848274.24,出金_967,オーストラリア,AUS
2024-06-12,ACC001,TXN0968,出金,-4591686.52,出金_968,ドイツ,DEU
2024-07-12,ACC004,TXN0969,手数料,-3835.77,手数料_969,日本,JPN
2024-07-27,ACC008,TXN0970,為替取引,3152143.94,為替取引_970,カナダ,CAN
2024-03-31,ACC006,TXN0971,振替,1502226.45,振替_971,イギリス,GBR
2024-02-10,ACC004,TXN0972,振替,-418911.51,振替_972,シンガポール,SGP
2024-01-13,ACC005,TXN0973,振替,743424.6,振替_973,オーストラリア,AUS
2024-02-13,ACC008,TXN0974,振替,3085070.3,振替_974,アメリカ,USA
2024-11-29,ACC008,TXN0975,振替,-1803674.79,振替_975,フランス,FRA
2024-02-10,ACC006,TXN0976,出金,-3429863.56,出金_976,オーストラリア,AUS
2024-05-15,ACC008,TXN0977,入金,1802577.06,入金_977,イギリス,GBR
2024-05-28,ACC005,TXN0978,振替,-95696.36,振替_978,フランス,FRA
2024-05-11,ACC005,TXN0979,利息,58677.07,利息_979,オーストラリア,AUS
2024-06-11,ACC003,TXN0980,利息,43043.16,利息_980,アメリカ,USA
2024-06-29,ACC001,TXN0981,利息,70612.04,利息_981,アメリカ,USA
2024-07-07,ACC005,TXN0982,利息,54831.17,利息_982,日本,JPN
2024-12-19,ACC002,TXN0983,振替,-1341654.9,振替_983,イギリス,GBR
2024-05-19,ACC001,TXN0984,出金,-2613883.61,出金_984,イギリス,GBR
2024-08-13,ACC008,TXN0985,入金,164065.51,入金_985,シンガポール,SGP
2024-07-26,ACC007,TXN0986,手数料,-3929.3,手数料_986,カナダ,CAN
2024-01-22,ACC004,TXN0987,利息,65715.23,利息_987,オーストラリア,AUS
2024-01-02,ACC001,TXN0988,入金,1583946.61,入金_988,日本,JPN
2024-08-10,ACC004,TXN0989,手数料,-9566.9,手数料_989,カナダ,CAN
2024-08-09,ACC005,TXN0990,振替,1337371.34,振替_990,日本,JPN
2024-06-20,ACC007,TXN0991,振替,3978100.91,振替_991,韓国,KOR
2024-05-01,ACC001,TXN0992,為替取引,147033.98,為替取引_992,イギリス,GBR
2024-02-12,ACC005,TXN0993,手数料,-7424.0,手数料_993,シンガポール,SGP
2024-05-24,ACC007,TXN0994,利息,45512.85,利息_994,シンガポール,SGP
2024-04-18,ACC008,TXN0995,振替,1288665.03,振替_995,ドイツ,DEU
2024-07-23,ACC005,TXN0996,手数料,-8713.9,手数料_996,日本,JPN
2024-05-27,ACC002,TXN0997,手数料,-4250.77,手数料_997,スイス,CHE
2024-09-28,ACC008,TXN0998,出金,-893204.97,出金_998,オーストラリア,AUS
2024-08-20,ACC001,TXN0999,利息,25301.31,利息_999,日本,JPN
2024-08-23,ACC008,TXN1000,利息,47967.77,利息_1000,イギリス,GBR
