date,currency_pair,rate
2023-07-01,USD/JPY,145.0
2023-07-01,EUR/JPY,160.0
2023-07-01,GBP/JPY,185.0
2023-07-01,AUD/JPY,98.0
2023-07-01,SGD/JPY,108.0
2023-07-02,USD/JPY,145.02
2023-07-02,EUR/JPY,160.01
2023-07-02,GBP/JPY,185.03
2023-07-02,AUD/JPY,97.98
2023-07-02,SGD/JPY,107.9
2023-07-03,USD/JPY,144.93
2023-07-03,EUR/JPY,160.11
2023-07-03,GBP/JPY,185.01
2023-07-03,AUD/JPY,97.99
2023-07-03,SGD/JPY,108.07
2023-07-04,USD/JPY,144.93
2023-07-04,EUR/JPY,160.14
2023-07-04,GBP/JPY,184.86
2023-07-04,AUD/JPY,97.96
2023-07-04,SGD/JPY,108.07
2023-07-05,USD/JPY,145.01
2023-07-05,EUR/JPY,160.26
2023-07-05,GBP/JPY,184.91
2023-07-05,AUD/JPY,98.01
2023-07-05,SGD/JPY,107.97
2023-07-06,USD/JPY,144.92
2023-07-06,EUR/JPY,159.83
2023-07-06,GBP/JPY,184.85
2023-07-06,AUD/JPY,98.02
2023-07-06,SGD/JPY,107.95
2023-07-07,USD/JPY,144.93
2023-07-07,EUR/JPY,159.99
2023-07-07,GBP/JPY,185.28
2023-07-07,AUD/JPY,98.14
2023-07-07,SGD/JPY,107.98
2023-07-08,USD/JPY,144.92
2023-07-08,EUR/JPY,160.13
2023-07-08,GBP/JPY,185.04
2023-07-08,AUD/JPY,98.04
2023-07-08,SGD/JPY,108.08
2023-07-09,USD/JPY,144.91
2023-07-09,EUR/JPY,160.01
2023-07-09,GBP/JPY,184.39
2023-07-09,AUD/JPY,98.22
2023-07-09,SGD/JPY,107.91
2023-07-10,USD/JPY,145.04
2023-07-10,EUR/JPY,160.23
2023-07-10,GBP/JPY,185.19
2023-07-10,AUD/JPY,98.09
2023-07-10,SGD/JPY,107.65
2023-07-11,USD/JPY,144.94
2023-07-11,EUR/JPY,160.05
2023-07-11,GBP/JPY,185.7
2023-07-11,AUD/JPY,97.91
2023-07-11,SGD/JPY,108.2
2023-07-12,USD/JPY,145.43
2023-07-12,EUR/JPY,159.65
2023-07-12,GBP/JPY,185.18
2023-07-12,AUD/JPY,98.06
2023-07-12,SGD/JPY,108.31
2023-07-13,USD/JPY,144.68
2023-07-13,EUR/JPY,160.36
2023-07-13,GBP/JPY,185.14
2023-07-13,AUD/JPY,98.13
2023-07-13,SGD/JPY,108.02
2023-07-14,USD/JPY,144.94
2023-07-14,EUR/JPY,159.77
2023-07-14,GBP/JPY,185.59
2023-07-14,AUD/JPY,98.09
2023-07-14,SGD/JPY,107.93
2023-07-15,USD/JPY,145.24
2023-07-15,EUR/JPY,159.86
2023-07-15,GBP/JPY,185.05
2023-07-15,AUD/JPY,97.97
2023-07-15,SGD/JPY,108.02
2023-07-16,USD/JPY,145.28
2023-07-16,EUR/JPY,160.04
2023-07-16,GBP/JPY,185.29
2023-07-16,AUD/JPY,97.78
2023-07-16,SGD/JPY,108.0
2023-07-17,USD/JPY,145.06
2023-07-17,EUR/JPY,159.97
2023-07-17,GBP/JPY,184.92
2023-07-17,AUD/JPY,97.98
2023-07-17,SGD/JPY,108.12
2023-07-18,USD/JPY,144.76
2023-07-18,EUR/JPY,159.76
2023-07-18,GBP/JPY,184.8
2023-07-18,AUD/JPY,98.23
2023-07-18,SGD/JPY,108.32
2023-07-19,USD/JPY,145.07
2023-07-19,EUR/JPY,160.31
2023-07-19,GBP/JPY,184.82
2023-07-19,AUD/JPY,97.87
2023-07-19,SGD/JPY,107.91
2023-07-20,USD/JPY,144.46
2023-07-20,EUR/JPY,160.05
2023-07-20,GBP/JPY,185.39
2023-07-20,AUD/JPY,97.69
2023-07-20,SGD/JPY,108.09
2023-07-21,USD/JPY,145.79
2023-07-21,EUR/JPY,159.6
2023-07-21,GBP/JPY,185.17
2023-07-21,AUD/JPY,98.27
2023-07-21,SGD/JPY,107.98
2023-07-22,USD/JPY,145.15
2023-07-22,EUR/JPY,159.44
2023-07-22,GBP/JPY,185.14
2023-07-22,AUD/JPY,97.61
2023-07-22,SGD/JPY,108.0
2023-07-23,USD/JPY,144.96
2023-07-23,EUR/JPY,159.96
2023-07-23,GBP/JPY,185.22
2023-07-23,AUD/JPY,97.83
2023-07-23,SGD/JPY,108.18
2023-07-24,USD/JPY,144.63
2023-07-24,EUR/JPY,160.01
2023-07-24,GBP/JPY,184.81
2023-07-24,AUD/JPY,97.93
2023-07-24,SGD/JPY,107.77
2023-07-25,USD/JPY,144.99
2023-07-25,EUR/JPY,159.39
2023-07-25,GBP/JPY,185.11
2023-07-25,AUD/JPY,97.81
2023-07-25,SGD/JPY,108.19
2023-07-26,USD/JPY,144.9
2023-07-26,EUR/JPY,159.83
2023-07-26,GBP/JPY,184.87
2023-07-26,AUD/JPY,98.07
2023-07-26,SGD/JPY,107.93
2023-07-27,USD/JPY,145.0
2023-07-27,EUR/JPY,160.49
2023-07-27,GBP/JPY,184.48
2023-07-27,AUD/JPY,98.21
2023-07-27,SGD/JPY,107.98
2023-07-28,USD/JPY,145.02
2023-07-28,EUR/JPY,159.61
2023-07-28,GBP/JPY,183.73
2023-07-28,AUD/JPY,97.82
2023-07-28,SGD/JPY,107.78
2023-07-29,USD/JPY,145.16
2023-07-29,EUR/JPY,160.85
2023-07-29,GBP/JPY,185.16
2023-07-29,AUD/JPY,97.76
2023-07-29,SGD/JPY,108.38
2023-07-30,USD/JPY,144.54
2023-07-30,EUR/JPY,159.77
2023-07-30,GBP/JPY,185.4
2023-07-30,AUD/JPY,98.39
2023-07-30,SGD/JPY,108.02
2023-07-31,USD/JPY,145.14
2023-07-31,EUR/JPY,159.16
2023-07-31,GBP/JPY,185.34
2023-07-31,AUD/JPY,97.79
2023-07-31,SGD/JPY,108.08
2023-08-01,USD/JPY,144.85
2023-08-01,EUR/JPY,159.73
2023-08-01,GBP/JPY,185.04
2023-08-01,AUD/JPY,97.81
2023-08-01,SGD/JPY,107.69
2023-08-02,USD/JPY,144.62
2023-08-02,EUR/JPY,160.2
2023-08-02,GBP/JPY,184.88
2023-08-02,AUD/JPY,97.79
2023-08-02,SGD/JPY,108.12
2023-08-03,USD/JPY,144.7
2023-08-03,EUR/JPY,160.23
2023-08-03,GBP/JPY,185.29
2023-08-03,AUD/JPY,97.71
2023-08-03,SGD/JPY,108.02
2023-08-04,USD/JPY,144.79
2023-08-04,EUR/JPY,160.37
2023-08-04,GBP/JPY,184.83
2023-08-04,AUD/JPY,97.95
2023-08-04,SGD/JPY,107.86
2023-08-05,USD/JPY,145.04
2023-08-05,EUR/JPY,160.33
2023-08-05,GBP/JPY,184.01
2023-08-05,AUD/JPY,98.1
2023-08-05,SGD/JPY,108.02
2023-08-06,USD/JPY,145.36
2023-08-06,EUR/JPY,160.24
2023-08-06,GBP/JPY,185.33
2023-08-06,AUD/JPY,97.66
2023-08-06,SGD/JPY,108.4
2023-08-07,USD/JPY,145.41
2023-08-07,EUR/JPY,159.17
2023-08-07,GBP/JPY,185.08
2023-08-07,AUD/JPY,98.53
2023-08-07,SGD/JPY,108.11
2023-08-08,USD/JPY,145.5
2023-08-08,EUR/JPY,159.52
2023-08-08,GBP/JPY,186.27
2023-08-08,AUD/JPY,97.83
2023-08-08,SGD/JPY,107.63
2023-08-09,USD/JPY,145.51
2023-08-09,EUR/JPY,159.98
2023-08-09,GBP/JPY,184.62
2023-08-09,AUD/JPY,98.21
2023-08-09,SGD/JPY,107.97
2023-08-10,USD/JPY,145.49
2023-08-10,EUR/JPY,160.5
2023-08-10,GBP/JPY,185.14
2023-08-10,AUD/JPY,97.82
2023-08-10,SGD/JPY,107.84
2023-08-11,USD/JPY,144.64
2023-08-11,EUR/JPY,159.58
2023-08-11,GBP/JPY,184.49
2023-08-11,AUD/JPY,97.98
2023-08-11,SGD/JPY,107.36
2023-08-12,USD/JPY,144.69
2023-08-12,EUR/JPY,160.5
2023-08-12,GBP/JPY,185.67
2023-08-12,AUD/JPY,98.54
2023-08-12,SGD/JPY,107.84
2023-08-13,USD/JPY,145.92
2023-08-13,EUR/JPY,159.79
2023-08-13,GBP/JPY,185.86
2023-08-13,AUD/JPY,97.27
2023-08-13,SGD/JPY,108.28
2023-08-14,USD/JPY,144.19
2023-08-14,EUR/JPY,160.47
2023-08-14,GBP/JPY,184.92
2023-08-14,AUD/JPY,97.4
2023-08-14,SGD/JPY,108.02
2023-08-15,USD/JPY,144.72
2023-08-15,EUR/JPY,159.42
2023-08-15,GBP/JPY,185.36
2023-08-15,AUD/JPY,98.04
2023-08-15,SGD/JPY,107.7
2023-08-16,USD/JPY,144.39
2023-08-16,EUR/JPY,160.15
2023-08-16,GBP/JPY,184.82
2023-08-16,AUD/JPY,97.85
2023-08-16,SGD/JPY,107.7
2023-08-17,USD/JPY,145.33
2023-08-17,EUR/JPY,159.76
2023-08-17,GBP/JPY,183.75
2023-08-17,AUD/JPY,98.21
2023-08-17,SGD/JPY,108.35
2023-08-18,USD/JPY,145.54
2023-08-18,EUR/JPY,159.27
2023-08-18,GBP/JPY,184.12
2023-08-18,AUD/JPY,98.13
2023-08-18,SGD/JPY,107.98
2023-08-19,USD/JPY,145.1
2023-08-19,EUR/JPY,160.49
2023-08-19,GBP/JPY,184.63
2023-08-19,AUD/JPY,97.86
2023-08-19,SGD/JPY,107.6
2023-08-20,USD/JPY,144.81
2023-08-20,EUR/JPY,161.1
2023-08-20,GBP/JPY,185.2
2023-08-20,AUD/JPY,97.79
2023-08-20,SGD/JPY,107.83
2023-08-21,USD/JPY,145.57
2023-08-21,EUR/JPY,160.65
2023-08-21,GBP/JPY,185.8
2023-08-21,AUD/JPY,97.73
2023-08-21,SGD/JPY,107.86
2023-08-22,USD/JPY,145.35
2023-08-22,EUR/JPY,160.88
2023-08-22,GBP/JPY,184.86
2023-08-22,AUD/JPY,97.7
2023-08-22,SGD/JPY,107.41
2023-08-23,USD/JPY,145.51
2023-08-23,EUR/JPY,160.7
2023-08-23,GBP/JPY,184.92
2023-08-23,AUD/JPY,97.11
2023-08-23,SGD/JPY,108.5
2023-08-24,USD/JPY,144.82
2023-08-24,EUR/JPY,160.63
2023-08-24,GBP/JPY,184.68
2023-08-24,AUD/JPY,98.22
2023-08-24,SGD/JPY,108.88
2023-08-25,USD/JPY,145.49
2023-08-25,EUR/JPY,159.79
2023-08-25,GBP/JPY,183.92
2023-08-25,AUD/JPY,97.4
2023-08-25,SGD/JPY,108.34
2023-08-26,USD/JPY,144.83
2023-08-26,EUR/JPY,159.48
2023-08-26,GBP/JPY,185.62
2023-08-26,AUD/JPY,97.74
2023-08-26,SGD/JPY,108.41
2023-08-27,USD/JPY,144.48
2023-08-27,EUR/JPY,159.76
2023-08-27,GBP/JPY,185.53
2023-08-27,AUD/JPY,98.14
2023-08-27,SGD/JPY,108.46
2023-08-28,USD/JPY,144.58
2023-08-28,EUR/JPY,159.44
2023-08-28,GBP/JPY,186.43
2023-08-28,AUD/JPY,98.1
2023-08-28,SGD/JPY,108.32
2023-08-29,USD/JPY,144.76
2023-08-29,EUR/JPY,160.73
2023-08-29,GBP/JPY,184.79
2023-08-29,AUD/JPY,98.19
2023-08-29,SGD/JPY,107.58
2023-08-30,USD/JPY,145.44
2023-08-30,EUR/JPY,159.62
2023-08-30,GBP/JPY,184.95
2023-08-30,AUD/JPY,97.79
2023-08-30,SGD/JPY,107.98
2023-08-31,USD/JPY,145.3
2023-08-31,EUR/JPY,160.62
2023-08-31,GBP/JPY,185.09
2023-08-31,AUD/JPY,98.34
2023-08-31,SGD/JPY,107.69
2023-09-01,USD/JPY,144.08
2023-09-01,EUR/JPY,160.24
2023-09-01,GBP/JPY,184.21
2023-09-01,AUD/JPY,97.95
2023-09-01,SGD/JPY,108.24
2023-09-02,USD/JPY,145.23
2023-09-02,EUR/JPY,160.44
2023-09-02,GBP/JPY,184.54
2023-09-02,AUD/JPY,98.87
2023-09-02,SGD/JPY,108.01
2023-09-03,USD/JPY,144.68
2023-09-03,EUR/JPY,160.69
2023-09-03,GBP/JPY,185.29
2023-09-03,AUD/JPY,98.29
2023-09-03,SGD/JPY,107.93
2023-09-04,USD/JPY,143.75
2023-09-04,EUR/JPY,159.14
2023-09-04,GBP/JPY,186.57
2023-09-04,AUD/JPY,98.28
2023-09-04,SGD/JPY,107.82
2023-09-05,USD/JPY,144.39
2023-09-05,EUR/JPY,159.83
2023-09-05,GBP/JPY,185.18
2023-09-05,AUD/JPY,98.37
2023-09-05,SGD/JPY,107.5
2023-09-06,USD/JPY,143.6
2023-09-06,EUR/JPY,159.51
2023-09-06,GBP/JPY,185.5
2023-09-06,AUD/JPY,96.88
2023-09-06,SGD/JPY,107.91
2023-09-07,USD/JPY,145.4
2023-09-07,EUR/JPY,159.49
2023-09-07,GBP/JPY,184.11
2023-09-07,AUD/JPY,98.59
2023-09-07,SGD/JPY,107.66
2023-09-08,USD/JPY,145.52
2023-09-08,EUR/JPY,160.89
2023-09-08,GBP/JPY,183.89
2023-09-08,AUD/JPY,98.43
2023-09-08,SGD/JPY,107.71
2023-09-09,USD/JPY,145.69
2023-09-09,EUR/JPY,159.44
2023-09-09,GBP/JPY,185.76
2023-09-09,AUD/JPY,98.11
2023-09-09,SGD/JPY,107.65
2023-09-10,USD/JPY,144.16
2023-09-10,EUR/JPY,160.42
2023-09-10,GBP/JPY,184.16
2023-09-10,AUD/JPY,98.02
2023-09-10,SGD/JPY,107.61
2023-09-11,USD/JPY,144.32
2023-09-11,EUR/JPY,160.54
2023-09-11,GBP/JPY,184.56
2023-09-11,AUD/JPY,98.18
2023-09-11,SGD/JPY,108.09
2023-09-12,USD/JPY,144.24
2023-09-12,EUR/JPY,160.13
2023-09-12,GBP/JPY,184.59
2023-09-12,AUD/JPY,98.54
2023-09-12,SGD/JPY,107.64
2023-09-13,USD/JPY,145.54
2023-09-13,EUR/JPY,160.64
2023-09-13,GBP/JPY,185.22
2023-09-13,AUD/JPY,98.06
2023-09-13,SGD/JPY,107.47
2023-09-14,USD/JPY,146.39
2023-09-14,EUR/JPY,159.91
2023-09-14,GBP/JPY,184.81
2023-09-14,AUD/JPY,97.18
2023-09-14,SGD/JPY,107.9
2023-09-15,USD/JPY,144.28
2023-09-15,EUR/JPY,158.96
2023-09-15,GBP/JPY,184.15
2023-09-15,AUD/JPY,98.25
2023-09-15,SGD/JPY,107.62
2023-09-16,USD/JPY,145.24
2023-09-16,EUR/JPY,160.48
2023-09-16,GBP/JPY,183.32
2023-09-16,AUD/JPY,97.47
2023-09-16,SGD/JPY,108.2
2023-09-17,USD/JPY,143.51
2023-09-17,EUR/JPY,159.31
2023-09-17,GBP/JPY,185.93
2023-09-17,AUD/JPY,97.55
2023-09-17,SGD/JPY,108.45
2023-09-18,USD/JPY,145.04
2023-09-18,EUR/JPY,161.34
2023-09-18,GBP/JPY,186.06
2023-09-18,AUD/JPY,97.99
2023-09-18,SGD/JPY,107.97
2023-09-19,USD/JPY,144.48
2023-09-19,EUR/JPY,159.31
2023-09-19,GBP/JPY,186.49
2023-09-19,AUD/JPY,97.96
2023-09-19,SGD/JPY,108.04
2023-09-20,USD/JPY,145.4
2023-09-20,EUR/JPY,160.73
2023-09-20,GBP/JPY,185.93
2023-09-20,AUD/JPY,97.42
2023-09-20,SGD/JPY,107.59
2023-09-21,USD/JPY,146.23
2023-09-21,EUR/JPY,160.57
2023-09-21,GBP/JPY,186.12
2023-09-21,AUD/JPY,97.93
2023-09-21,SGD/JPY,108.12
2023-09-22,USD/JPY,145.61
2023-09-22,EUR/JPY,160.07
2023-09-22,GBP/JPY,185.08
2023-09-22,AUD/JPY,97.94
2023-09-22,SGD/JPY,108.68
2023-09-23,USD/JPY,145.25
2023-09-23,EUR/JPY,160.41
2023-09-23,GBP/JPY,185.56
2023-09-23,AUD/JPY,98.63
2023-09-23,SGD/JPY,106.99
2023-09-24,USD/JPY,144.24
2023-09-24,EUR/JPY,159.5
2023-09-24,GBP/JPY,186.46
2023-09-24,AUD/JPY,98.2
2023-09-24,SGD/JPY,108.32
2023-09-25,USD/JPY,145.58
2023-09-25,EUR/JPY,159.22
2023-09-25,GBP/JPY,186.72
2023-09-25,AUD/JPY,97.94
2023-09-25,SGD/JPY,107.76
2023-09-26,USD/JPY,145.34
2023-09-26,EUR/JPY,160.43
2023-09-26,GBP/JPY,184.61
2023-09-26,AUD/JPY,97.76
2023-09-26,SGD/JPY,107.79
2023-09-27,USD/JPY,145.66
2023-09-27,EUR/JPY,159.31
2023-09-27,GBP/JPY,184.83
2023-09-27,AUD/JPY,98.13
2023-09-27,SGD/JPY,107.52
2023-09-28,USD/JPY,144.74
2023-09-28,EUR/JPY,160.38
2023-09-28,GBP/JPY,184.87
2023-09-28,AUD/JPY,98.0
2023-09-28,SGD/JPY,108.48
2023-09-29,USD/JPY,144.96
2023-09-29,EUR/JPY,160.02
2023-09-29,GBP/JPY,185.86
2023-09-29,AUD/JPY,98.23
2023-09-29,SGD/JPY,107.88
2023-09-30,USD/JPY,144.66
2023-09-30,EUR/JPY,158.74
2023-09-30,GBP/JPY,186.1
2023-09-30,AUD/JPY,98.26
2023-09-30,SGD/JPY,107.44
2023-10-01,USD/JPY,145.15
2023-10-01,EUR/JPY,158.11
2023-10-01,GBP/JPY,184.33
2023-10-01,AUD/JPY,98.35
2023-10-01,SGD/JPY,107.48
2023-10-02,USD/JPY,145.05
2023-10-02,EUR/JPY,158.44
2023-10-02,GBP/JPY,183.31
2023-10-02,AUD/JPY,97.77
2023-10-02,SGD/JPY,108.41
2023-10-03,USD/JPY,145.8
2023-10-03,EUR/JPY,161.07
2023-10-03,GBP/JPY,185.25
2023-10-03,AUD/JPY,98.57
2023-10-03,SGD/JPY,107.65
2023-10-04,USD/JPY,144.61
2023-10-04,EUR/JPY,158.76
2023-10-04,GBP/JPY,184.91
2023-10-04,AUD/JPY,98.4
2023-10-04,SGD/JPY,108.78
2023-10-05,USD/JPY,144.99
2023-10-05,EUR/JPY,160.22
2023-10-05,GBP/JPY,186.2
2023-10-05,AUD/JPY,98.1
2023-10-05,SGD/JPY,108.57
2023-10-06,USD/JPY,145.44
2023-10-06,EUR/JPY,160.42
2023-10-06,GBP/JPY,182.86
2023-10-06,AUD/JPY,98.44
2023-10-06,SGD/JPY,108.13
2023-10-07,USD/JPY,144.83
2023-10-07,EUR/JPY,160.44
2023-10-07,GBP/JPY,185.02
2023-10-07,AUD/JPY,97.56
2023-10-07,SGD/JPY,108.13
2023-10-08,USD/JPY,144.19
2023-10-08,EUR/JPY,159.55
2023-10-08,GBP/JPY,184.26
2023-10-08,AUD/JPY,98.33
2023-10-08,SGD/JPY,107.92
2023-10-09,USD/JPY,145.84
2023-10-09,EUR/JPY,159.48
2023-10-09,GBP/JPY,182.94
2023-10-09,AUD/JPY,98.03
2023-10-09,SGD/JPY,107.67
2023-10-10,USD/JPY,144.13
2023-10-10,EUR/JPY,158.35
2023-10-10,GBP/JPY,185.9
2023-10-10,AUD/JPY,97.47
2023-10-10,SGD/JPY,107.41
2023-10-11,USD/JPY,146.18
2023-10-11,EUR/JPY,159.09
2023-10-11,GBP/JPY,184.99
2023-10-11,AUD/JPY,97.43
2023-10-11,SGD/JPY,108.15
2023-10-12,USD/JPY,146.44
2023-10-12,EUR/JPY,158.92
2023-10-12,GBP/JPY,184.17
2023-10-12,AUD/JPY,97.77
2023-10-12,SGD/JPY,107.76
2023-10-13,USD/JPY,144.86
2023-10-13,EUR/JPY,160.32
2023-10-13,GBP/JPY,185.62
2023-10-13,AUD/JPY,99.15
2023-10-13,SGD/JPY,108.99
2023-10-14,USD/JPY,144.99
2023-10-14,EUR/JPY,161.2
2023-10-14,GBP/JPY,186.9
2023-10-14,AUD/JPY,97.79
2023-10-14,SGD/JPY,107.27
2023-10-15,USD/JPY,144.01
2023-10-15,EUR/JPY,159.14
2023-10-15,GBP/JPY,184.16
2023-10-15,AUD/JPY,98.53
2023-10-15,SGD/JPY,106.97
2023-10-16,USD/JPY,145.56
2023-10-16,EUR/JPY,159.06
2023-10-16,GBP/JPY,185.24
2023-10-16,AUD/JPY,97.9
2023-10-16,SGD/JPY,107.74
2023-10-17,USD/JPY,145.33
2023-10-17,EUR/JPY,160.04
2023-10-17,GBP/JPY,184.25
2023-10-17,AUD/JPY,98.1
2023-10-17,SGD/JPY,108.17
2023-10-18,USD/JPY,145.23
2023-10-18,EUR/JPY,160.48
2023-10-18,GBP/JPY,184.88
2023-10-18,AUD/JPY,98.61
2023-10-18,SGD/JPY,107.88
2023-10-19,USD/JPY,144.93
2023-10-19,EUR/JPY,161.77
2023-10-19,GBP/JPY,183.25
2023-10-19,AUD/JPY,97.71
2023-10-19,SGD/JPY,107.84
2023-10-20,USD/JPY,145.65
2023-10-20,EUR/JPY,160.11
2023-10-20,GBP/JPY,185.04
2023-10-20,AUD/JPY,97.34
2023-10-20,SGD/JPY,108.77
2023-10-21,USD/JPY,144.32
2023-10-21,EUR/JPY,159.21
2023-10-21,GBP/JPY,183.53
2023-10-21,AUD/JPY,97.77
2023-10-21,SGD/JPY,107.16
2023-10-22,USD/JPY,145.38
2023-10-22,EUR/JPY,160.58
2023-10-22,GBP/JPY,185.23
2023-10-22,AUD/JPY,98.51
2023-10-22,SGD/JPY,107.57
2023-10-23,USD/JPY,145.8
2023-10-23,EUR/JPY,159.46
2023-10-23,GBP/JPY,185.43
2023-10-23,AUD/JPY,98.12
2023-10-23,SGD/JPY,108.28
2023-10-24,USD/JPY,146.42
2023-10-24,EUR/JPY,159.89
2023-10-24,GBP/JPY,185.39
2023-10-24,AUD/JPY,97.34
2023-10-24,SGD/JPY,108.34
2023-10-25,USD/JPY,144.35
2023-10-25,EUR/JPY,160.16
2023-10-25,GBP/JPY,185.26
2023-10-25,AUD/JPY,98.28
2023-10-25,SGD/JPY,109.13
2023-10-26,USD/JPY,144.26
2023-10-26,EUR/JPY,159.55
2023-10-26,GBP/JPY,186.28
2023-10-26,AUD/JPY,97.59
2023-10-26,SGD/JPY,107.47
2023-10-27,USD/JPY,145.2
2023-10-27,EUR/JPY,160.54
2023-10-27,GBP/JPY,186.6
2023-10-27,AUD/JPY,98.49
2023-10-27,SGD/JPY,107.81
2023-10-28,USD/JPY,145.1
2023-10-28,EUR/JPY,161.15
2023-10-28,GBP/JPY,184.76
2023-10-28,AUD/JPY,97.7
2023-10-28,SGD/JPY,108.96
2023-10-29,USD/JPY,145.15
2023-10-29,EUR/JPY,159.84
2023-10-29,GBP/JPY,185.1
2023-10-29,AUD/JPY,98.32
2023-10-29,SGD/JPY,109.11
2023-10-30,USD/JPY,144.86
2023-10-30,EUR/JPY,159.16
2023-10-30,GBP/JPY,184.89
2023-10-30,AUD/JPY,98.0
2023-10-30,SGD/JPY,108.62
2023-10-31,USD/JPY,144.35
2023-10-31,EUR/JPY,159.68
2023-10-31,GBP/JPY,185.07
2023-10-31,AUD/JPY,97.55
2023-10-31,SGD/JPY,109.0
2023-11-01,USD/JPY,144.23
2023-11-01,EUR/JPY,159.07
2023-11-01,GBP/JPY,185.79
2023-11-01,AUD/JPY,99.23
2023-11-01,SGD/JPY,107.22
2023-11-02,USD/JPY,145.11
2023-11-02,EUR/JPY,159.85
2023-11-02,GBP/JPY,186.45
2023-11-02,AUD/JPY,98.46
2023-11-02,SGD/JPY,108.23
2023-11-03,USD/JPY,146.57
2023-11-03,EUR/JPY,160.15
2023-11-03,GBP/JPY,185.73
2023-11-03,AUD/JPY,98.1
2023-11-03,SGD/JPY,106.86
2023-11-04,USD/JPY,145.42
2023-11-04,EUR/JPY,160.01
2023-11-04,GBP/JPY,185.37
2023-11-04,AUD/JPY,97.47
2023-11-04,SGD/JPY,107.94
2023-11-05,USD/JPY,145.04
2023-11-05,EUR/JPY,160.24
2023-11-05,GBP/JPY,186.39
2023-11-05,AUD/JPY,97.62
2023-11-05,SGD/JPY,108.08
2023-11-06,USD/JPY,143.83
2023-11-06,EUR/JPY,159.36
2023-11-06,GBP/JPY,182.97
2023-11-06,AUD/JPY,97.68
2023-11-06,SGD/JPY,107.71
2023-11-07,USD/JPY,143.6
2023-11-07,EUR/JPY,159.44
2023-11-07,GBP/JPY,185.95
2023-11-07,AUD/JPY,97.26
2023-11-07,SGD/JPY,108.7
2023-11-08,USD/JPY,145.33
2023-11-08,EUR/JPY,159.98
2023-11-08,GBP/JPY,184.32
2023-11-08,AUD/JPY,97.33
2023-11-08,SGD/JPY,108.51
2023-11-09,USD/JPY,143.27
2023-11-09,EUR/JPY,160.46
2023-11-09,GBP/JPY,184.33
2023-11-09,AUD/JPY,98.51
2023-11-09,SGD/JPY,108.71
2023-11-10,USD/JPY,144.98
2023-11-10,EUR/JPY,161.35
2023-11-10,GBP/JPY,185.37
2023-11-10,AUD/JPY,97.98
2023-11-10,SGD/JPY,107.23
2023-11-11,USD/JPY,144.28
2023-11-11,EUR/JPY,160.44
2023-11-11,GBP/JPY,184.46
2023-11-11,AUD/JPY,97.86
2023-11-11,SGD/JPY,107.79
2023-11-12,USD/JPY,144.49
2023-11-12,EUR/JPY,158.11
2023-11-12,GBP/JPY,186.0
2023-11-12,AUD/JPY,98.68
2023-11-12,SGD/JPY,107.85
2023-11-13,USD/JPY,145.84
2023-11-13,EUR/JPY,160.14
2023-11-13,GBP/JPY,182.53
2023-11-13,AUD/JPY,98.41
2023-11-13,SGD/JPY,108.66
2023-11-14,USD/JPY,143.83
2023-11-14,EUR/JPY,159.1
2023-11-14,GBP/JPY,186.72
2023-11-14,AUD/JPY,97.42
2023-11-14,SGD/JPY,108.56
2023-11-15,USD/JPY,146.14
2023-11-15,EUR/JPY,159.34
2023-11-15,GBP/JPY,184.26
2023-11-15,AUD/JPY,97.73
2023-11-15,SGD/JPY,108.63
2023-11-16,USD/JPY,143.77
2023-11-16,EUR/JPY,159.51
2023-11-16,GBP/JPY,185.04
2023-11-16,AUD/JPY,97.6
2023-11-16,SGD/JPY,107.11
2023-11-17,USD/JPY,144.88
2023-11-17,EUR/JPY,160.93
2023-11-17,GBP/JPY,183.74
2023-11-17,AUD/JPY,97.56
2023-11-17,SGD/JPY,108.59
2023-11-18,USD/JPY,144.31
2023-11-18,EUR/JPY,158.11
2023-11-18,GBP/JPY,184.07
2023-11-18,AUD/JPY,98.66
2023-11-18,SGD/JPY,108.04
2023-11-19,USD/JPY,145.19
2023-11-19,EUR/JPY,159.68
2023-11-19,GBP/JPY,184.04
2023-11-19,AUD/JPY,98.5
2023-11-19,SGD/JPY,107.43
2023-11-20,USD/JPY,146.1
2023-11-20,EUR/JPY,160.24
2023-11-20,GBP/JPY,184.21
2023-11-20,AUD/JPY,97.64
2023-11-20,SGD/JPY,108.75
2023-11-21,USD/JPY,144.95
2023-11-21,EUR/JPY,160.28
2023-11-21,GBP/JPY,184.81
2023-11-21,AUD/JPY,97.9
2023-11-21,SGD/JPY,106.29
2023-11-22,USD/JPY,145.21
2023-11-22,EUR/JPY,158.64
2023-11-22,GBP/JPY,185.51
2023-11-22,AUD/JPY,98.07
2023-11-22,SGD/JPY,107.38
2023-11-23,USD/JPY,145.13
2023-11-23,EUR/JPY,159.22
2023-11-23,GBP/JPY,186.49
2023-11-23,AUD/JPY,98.83
2023-11-23,SGD/JPY,107.86
2023-11-24,USD/JPY,144.9
2023-11-24,EUR/JPY,159.92
2023-11-24,GBP/JPY,185.71
2023-11-24,AUD/JPY,96.9
2023-11-24,SGD/JPY,107.92
2023-11-25,USD/JPY,145.69
2023-11-25,EUR/JPY,159.11
2023-11-25,GBP/JPY,185.35
2023-11-25,AUD/JPY,99.34
2023-11-25,SGD/JPY,107.87
2023-11-26,USD/JPY,143.87
2023-11-26,EUR/JPY,159.0
2023-11-26,GBP/JPY,184.35
2023-11-26,AUD/JPY,98.09
2023-11-26,SGD/JPY,109.01
2023-11-27,USD/JPY,143.53
2023-11-27,EUR/JPY,159.06
2023-11-27,GBP/JPY,183.66
2023-11-27,AUD/JPY,97.59
2023-11-27,SGD/JPY,108.19
2023-11-28,USD/JPY,145.52
2023-11-28,EUR/JPY,161.76
2023-11-28,GBP/JPY,185.51
2023-11-28,AUD/JPY,97.63
2023-11-28,SGD/JPY,107.82
2023-11-29,USD/JPY,145.27
2023-11-29,EUR/JPY,161.27
2023-11-29,GBP/JPY,184.52
2023-11-29,AUD/JPY,98.8
2023-11-29,SGD/JPY,108.24
2023-11-30,USD/JPY,146.27
2023-11-30,EUR/JPY,158.2
2023-11-30,GBP/JPY,185.59
2023-11-30,AUD/JPY,98.51
2023-11-30,SGD/JPY,107.49
2023-12-01,USD/JPY,145.9
2023-12-01,EUR/JPY,158.08
2023-12-01,GBP/JPY,187.5
2023-12-01,AUD/JPY,97.81
2023-12-01,SGD/JPY,108.03
2023-12-02,USD/JPY,145.29
2023-12-02,EUR/JPY,159.94
2023-12-02,GBP/JPY,185.51
2023-12-02,AUD/JPY,97.91
2023-12-02,SGD/JPY,108.26
2023-12-03,USD/JPY,145.55
2023-12-03,EUR/JPY,158.76
2023-12-03,GBP/JPY,185.55
2023-12-03,AUD/JPY,98.46
2023-12-03,SGD/JPY,107.67
2023-12-04,USD/JPY,144.57
2023-12-04,EUR/JPY,160.71
2023-12-04,GBP/JPY,182.6
2023-12-04,AUD/JPY,98.12
2023-12-04,SGD/JPY,108.08
2023-12-05,USD/JPY,145.84
2023-12-05,EUR/JPY,159.17
2023-12-05,GBP/JPY,183.47
2023-12-05,AUD/JPY,98.79
2023-12-05,SGD/JPY,109.19
2023-12-06,USD/JPY,145.46
2023-12-06,EUR/JPY,160.65
2023-12-06,GBP/JPY,184.87
2023-12-06,AUD/JPY,98.13
2023-12-06,SGD/JPY,106.93
2023-12-07,USD/JPY,145.17
2023-12-07,EUR/JPY,158.24
2023-12-07,GBP/JPY,186.69
2023-12-07,AUD/JPY,98.29
2023-12-07,SGD/JPY,108.31
2023-12-08,USD/JPY,143.73
2023-12-08,EUR/JPY,159.9
2023-12-08,GBP/JPY,184.36
2023-12-08,AUD/JPY,97.6
2023-12-08,SGD/JPY,109.44
2023-12-09,USD/JPY,144.78
2023-12-09,EUR/JPY,162.87
2023-12-09,GBP/JPY,185.5
2023-12-09,AUD/JPY,99.03
2023-12-09,SGD/JPY,108.97
2023-12-10,USD/JPY,146.32
2023-12-10,EUR/JPY,160.81
2023-12-10,GBP/JPY,183.6
2023-12-10,AUD/JPY,98.62
2023-12-10,SGD/JPY,108.25
2023-12-11,USD/JPY,144.67
2023-12-11,EUR/JPY,159.12
2023-12-11,GBP/JPY,185.41
2023-12-11,AUD/JPY,97.03
2023-12-11,SGD/JPY,109.18
2023-12-12,USD/JPY,144.53
2023-12-12,EUR/JPY,160.68
2023-12-12,GBP/JPY,184.71
2023-12-12,AUD/JPY,98.25
2023-12-12,SGD/JPY,108.73
2023-12-13,USD/JPY,146.03
2023-12-13,EUR/JPY,160.09
2023-12-13,GBP/JPY,184.47
2023-12-13,AUD/JPY,98.14
2023-12-13,SGD/JPY,107.74
2023-12-14,USD/JPY,144.13
2023-12-14,EUR/JPY,159.59
2023-12-14,GBP/JPY,182.6
2023-12-14,AUD/JPY,97.85
2023-12-14,SGD/JPY,107.43
2023-12-15,USD/JPY,143.99
2023-12-15,EUR/JPY,159.16
2023-12-15,GBP/JPY,185.06
2023-12-15,AUD/JPY,98.04
2023-12-15,SGD/JPY,107.48
2023-12-16,USD/JPY,145.41
2023-12-16,EUR/JPY,159.22
2023-12-16,GBP/JPY,186.18
2023-12-16,AUD/JPY,98.04
2023-12-16,SGD/JPY,108.58
2023-12-17,USD/JPY,142.93
2023-12-17,EUR/JPY,160.5
2023-12-17,GBP/JPY,184.37
2023-12-17,AUD/JPY,98.81
2023-12-17,SGD/JPY,108.57
2023-12-18,USD/JPY,145.89
2023-12-18,EUR/JPY,161.32
2023-12-18,GBP/JPY,185.52
2023-12-18,AUD/JPY,98.51
2023-12-18,SGD/JPY,108.34
2023-12-19,USD/JPY,142.11
2023-12-19,EUR/JPY,161.88
2023-12-19,GBP/JPY,185.89
2023-12-19,AUD/JPY,96.98
2023-12-19,SGD/JPY,107.07
2023-12-20,USD/JPY,146.46
2023-12-20,EUR/JPY,160.26
2023-12-20,GBP/JPY,184.83
2023-12-20,AUD/JPY,98.23
2023-12-20,SGD/JPY,108.95
2023-12-21,USD/JPY,144.74
2023-12-21,EUR/JPY,159.25
2023-12-21,GBP/JPY,184.01
2023-12-21,AUD/JPY,98.35
2023-12-21,SGD/JPY,108.33
2023-12-22,USD/JPY,145.48
2023-12-22,EUR/JPY,161.28
2023-12-22,GBP/JPY,183.42
2023-12-22,AUD/JPY,98.45
2023-12-22,SGD/JPY,108.84
2023-12-23,USD/JPY,145.89
2023-12-23,EUR/JPY,157.66
2023-12-23,GBP/JPY,186.22
2023-12-23,AUD/JPY,97.53
2023-12-23,SGD/JPY,109.48
2023-12-24,USD/JPY,144.09
2023-12-24,EUR/JPY,161.79
2023-12-24,GBP/JPY,184.08
2023-12-24,AUD/JPY,97.58
2023-12-24,SGD/JPY,108.55
2023-12-25,USD/JPY,146.9
2023-12-25,EUR/JPY,158.6
2023-12-25,GBP/JPY,187.71
2023-12-25,AUD/JPY,97.24
2023-12-25,SGD/JPY,107.34
2023-12-26,USD/JPY,144.25
2023-12-26,EUR/JPY,160.33
2023-12-26,GBP/JPY,185.63
2023-12-26,AUD/JPY,97.13
2023-12-26,SGD/JPY,108.44
2023-12-27,USD/JPY,144.76
2023-12-27,EUR/JPY,158.73
2023-12-27,GBP/JPY,184.77
2023-12-27,AUD/JPY,97.98
2023-12-27,SGD/JPY,107.19
2023-12-28,USD/JPY,145.9
2023-12-28,EUR/JPY,162.28
2023-12-28,GBP/JPY,188.11
2023-12-28,AUD/JPY,99.98
2023-12-28,SGD/JPY,107.89
2023-12-29,USD/JPY,144.87
2023-12-29,EUR/JPY,160.28
2023-12-29,GBP/JPY,185.52
2023-12-29,AUD/JPY,97.8
2023-12-29,SGD/JPY,108.12
2023-12-30,USD/JPY,145.33
2023-12-30,EUR/JPY,160.38
2023-12-30,GBP/JPY,184.6
2023-12-30,AUD/JPY,98.19
2023-12-30,SGD/JPY,107.7
2023-12-31,USD/JPY,145.6
2023-12-31,EUR/JPY,159.66
2023-12-31,GBP/JPY,185.36
2023-12-31,AUD/JPY,99.06
2023-12-31,SGD/JPY,108.08
2024-01-01,USD/JPY,145.2
2024-01-01,EUR/JPY,160.05
2024-01-01,GBP/JPY,186.75
2024-01-01,AUD/JPY,97.94
2024-01-01,SGD/JPY,108.97
2024-01-02,USD/JPY,146.14
2024-01-02,EUR/JPY,160.23
2024-01-02,GBP/JPY,186.62
2024-01-02,AUD/JPY,97.46
2024-01-02,SGD/JPY,107.81
2024-01-03,USD/JPY,144.8
2024-01-03,EUR/JPY,162.12
2024-01-03,GBP/JPY,186.04
2024-01-03,AUD/JPY,97.88
2024-01-03,SGD/JPY,108.69
2024-01-04,USD/JPY,145.1
2024-01-04,EUR/JPY,157.12
2024-01-04,GBP/JPY,183.99
2024-01-04,AUD/JPY,98.18
2024-01-04,SGD/JPY,107.85
2024-01-05,USD/JPY,143.94
2024-01-05,EUR/JPY,160.14
2024-01-05,GBP/JPY,183.45
2024-01-05,AUD/JPY,98.62
2024-01-05,SGD/JPY,107.81
2024-01-06,USD/JPY,144.81
2024-01-06,EUR/JPY,160.94
2024-01-06,GBP/JPY,185.0
2024-01-06,AUD/JPY,96.98
2024-01-06,SGD/JPY,108.44
2024-01-07,USD/JPY,146.36
2024-01-07,EUR/JPY,161.53
2024-01-07,GBP/JPY,185.23
2024-01-07,AUD/JPY,97.33
2024-01-07,SGD/JPY,109.54
2024-01-08,USD/JPY,147.34
2024-01-08,EUR/JPY,160.12
2024-01-08,GBP/JPY,184.57
2024-01-08,AUD/JPY,97.45
2024-01-08,SGD/JPY,107.86
2024-01-09,USD/JPY,145.31
2024-01-09,EUR/JPY,162.21
2024-01-09,GBP/JPY,182.78
2024-01-09,AUD/JPY,97.76
2024-01-09,SGD/JPY,106.9
2024-01-10,USD/JPY,145.38
2024-01-10,EUR/JPY,161.77
2024-01-10,GBP/JPY,183.99
2024-01-10,AUD/JPY,97.85
2024-01-10,SGD/JPY,108.32
2024-01-11,USD/JPY,144.74
2024-01-11,EUR/JPY,159.37
2024-01-11,GBP/JPY,185.67
2024-01-11,AUD/JPY,96.26
2024-01-11,SGD/JPY,107.15
2024-01-12,USD/JPY,146.78
2024-01-12,EUR/JPY,160.47
2024-01-12,GBP/JPY,182.51
2024-01-12,AUD/JPY,98.11
2024-01-12,SGD/JPY,106.92
2024-01-13,USD/JPY,144.92
2024-01-13,EUR/JPY,160.54
2024-01-13,GBP/JPY,185.04
2024-01-13,AUD/JPY,98.83
2024-01-13,SGD/JPY,107.73
2024-01-14,USD/JPY,145.42
2024-01-14,EUR/JPY,157.26
2024-01-14,GBP/JPY,186.31
2024-01-14,AUD/JPY,97.58
2024-01-14,SGD/JPY,108.81
2024-01-15,USD/JPY,144.5
2024-01-15,EUR/JPY,161.78
2024-01-15,GBP/JPY,186.9
2024-01-15,AUD/JPY,98.61
2024-01-15,SGD/JPY,108.66
2024-01-16,USD/JPY,143.5
2024-01-16,EUR/JPY,161.13
2024-01-16,GBP/JPY,183.64
2024-01-16,AUD/JPY,98.35
2024-01-16,SGD/JPY,106.56
2024-01-17,USD/JPY,142.36
2024-01-17,EUR/JPY,157.86
2024-01-17,GBP/JPY,184.01
2024-01-17,AUD/JPY,97.96
2024-01-17,SGD/JPY,107.23
2024-01-18,USD/JPY,145.4
2024-01-18,EUR/JPY,161.03
2024-01-18,GBP/JPY,184.25
2024-01-18,AUD/JPY,98.98
2024-01-18,SGD/JPY,108.2
2024-01-19,USD/JPY,144.14
2024-01-19,EUR/JPY,158.75
2024-01-19,GBP/JPY,182.72
2024-01-19,AUD/JPY,97.47
2024-01-19,SGD/JPY,108.4
2024-01-20,USD/JPY,144.58
2024-01-20,EUR/JPY,159.71
2024-01-20,GBP/JPY,181.67
2024-01-20,AUD/JPY,97.61
2024-01-20,SGD/JPY,108.85
2024-01-21,USD/JPY,144.47
2024-01-21,EUR/JPY,160.75
2024-01-21,GBP/JPY,183.78
2024-01-21,AUD/JPY,96.81
2024-01-21,SGD/JPY,108.49
2024-01-22,USD/JPY,144.96
2024-01-22,EUR/JPY,161.11
2024-01-22,GBP/JPY,185.2
2024-01-22,AUD/JPY,99.46
2024-01-22,SGD/JPY,107.4
2024-01-23,USD/JPY,144.81
2024-01-23,EUR/JPY,160.11
2024-01-23,GBP/JPY,185.41
2024-01-23,AUD/JPY,97.09
2024-01-23,SGD/JPY,108.7
2024-01-24,USD/JPY,144.58
2024-01-24,EUR/JPY,159.45
2024-01-24,GBP/JPY,184.92
2024-01-24,AUD/JPY,97.98
2024-01-24,SGD/JPY,107.98
2024-01-25,USD/JPY,145.79
2024-01-25,EUR/JPY,158.41
2024-01-25,GBP/JPY,185.73
2024-01-25,AUD/JPY,99.51
2024-01-25,SGD/JPY,108.57
2024-01-26,USD/JPY,144.87
2024-01-26,EUR/JPY,160.78
2024-01-26,GBP/JPY,185.3
2024-01-26,AUD/JPY,99.44
2024-01-26,SGD/JPY,108.62
2024-01-27,USD/JPY,144.24
2024-01-27,EUR/JPY,160.95
2024-01-27,GBP/JPY,186.93
2024-01-27,AUD/JPY,98.65
2024-01-27,SGD/JPY,107.41
2024-01-28,USD/JPY,145.78
2024-01-28,EUR/JPY,158.78
2024-01-28,GBP/JPY,183.68
2024-01-28,AUD/JPY,97.33
2024-01-28,SGD/JPY,108.4
2024-01-29,USD/JPY,144.72
2024-01-29,EUR/JPY,161.79
2024-01-29,GBP/JPY,183.17
2024-01-29,AUD/JPY,98.16
2024-01-29,SGD/JPY,107.88
2024-01-30,USD/JPY,146.51
2024-01-30,EUR/JPY,161.15
2024-01-30,GBP/JPY,186.23
2024-01-30,AUD/JPY,96.69
2024-01-30,SGD/JPY,107.71
2024-01-31,USD/JPY,143.29
2024-01-31,EUR/JPY,160.69
2024-01-31,GBP/JPY,183.64
2024-01-31,AUD/JPY,97.73
2024-01-31,SGD/JPY,107.3
2024-02-01,USD/JPY,145.1
2024-02-01,EUR/JPY,161.12
2024-02-01,GBP/JPY,185.7
2024-02-01,AUD/JPY,97.13
2024-02-01,SGD/JPY,107.3
2024-02-02,USD/JPY,142.67
2024-02-02,EUR/JPY,162.27
2024-02-02,GBP/JPY,185.68
2024-02-02,AUD/JPY,97.0
2024-02-02,SGD/JPY,109.11
2024-02-03,USD/JPY,145.27
2024-02-03,EUR/JPY,159.57
2024-02-03,GBP/JPY,185.37
2024-02-03,AUD/JPY,98.0
2024-02-03,SGD/JPY,108.49
2024-02-04,USD/JPY,147.11
2024-02-04,EUR/JPY,162.66
2024-02-04,GBP/JPY,185.25
2024-02-04,AUD/JPY,96.79
2024-02-04,SGD/JPY,108.49
2024-02-05,USD/JPY,146.34
2024-02-05,EUR/JPY,159.1
2024-02-05,GBP/JPY,184.72
2024-02-05,AUD/JPY,99.39
2024-02-05,SGD/JPY,108.08
2024-02-06,USD/JPY,145.58
2024-02-06,EUR/JPY,160.29
2024-02-06,GBP/JPY,185.02
2024-02-06,AUD/JPY,97.34
2024-02-06,SGD/JPY,107.42
2024-02-07,USD/JPY,145.58
2024-02-07,EUR/JPY,160.33
2024-02-07,GBP/JPY,184.19
2024-02-07,AUD/JPY,98.65
2024-02-07,SGD/JPY,108.67
2024-02-08,USD/JPY,145.89
2024-02-08,EUR/JPY,161.55
2024-02-08,GBP/JPY,184.16
2024-02-08,AUD/JPY,98.34
2024-02-08,SGD/JPY,108.23
2024-02-09,USD/JPY,146.93
2024-02-09,EUR/JPY,160.17
2024-02-09,GBP/JPY,187.72
2024-02-09,AUD/JPY,97.12
2024-02-09,SGD/JPY,107.3
2024-02-10,USD/JPY,143.99
2024-02-10,EUR/JPY,159.74
2024-02-10,GBP/JPY,182.13
2024-02-10,AUD/JPY,98.2
2024-02-10,SGD/JPY,109.11
2024-02-11,USD/JPY,145.06
2024-02-11,EUR/JPY,158.84
2024-02-11,GBP/JPY,185.12
2024-02-11,AUD/JPY,98.27
2024-02-11,SGD/JPY,106.14
2024-02-12,USD/JPY,144.31
2024-02-12,EUR/JPY,159.21
2024-02-12,GBP/JPY,185.81
2024-02-12,AUD/JPY,97.87
2024-02-12,SGD/JPY,107.99
2024-02-13,USD/JPY,144.39
2024-02-13,EUR/JPY,160.28
2024-02-13,GBP/JPY,185.02
2024-02-13,AUD/JPY,97.78
2024-02-13,SGD/JPY,107.23
2024-02-14,USD/JPY,143.73
2024-02-14,EUR/JPY,158.74
2024-02-14,GBP/JPY,186.92
2024-02-14,AUD/JPY,98.79
2024-02-14,SGD/JPY,108.87
2024-02-15,USD/JPY,144.21
2024-02-15,EUR/JPY,160.32
2024-02-15,GBP/JPY,187.74
2024-02-15,AUD/JPY,97.87
2024-02-15,SGD/JPY,106.75
2024-02-16,USD/JPY,145.99
2024-02-16,EUR/JPY,159.05
2024-02-16,GBP/JPY,187.19
2024-02-16,AUD/JPY,98.23
2024-02-16,SGD/JPY,108.1
2024-02-17,USD/JPY,145.24
2024-02-17,EUR/JPY,158.29
2024-02-17,GBP/JPY,183.54
2024-02-17,AUD/JPY,97.16
2024-02-17,SGD/JPY,107.64
2024-02-18,USD/JPY,147.01
2024-02-18,EUR/JPY,160.29
2024-02-18,GBP/JPY,183.04
2024-02-18,AUD/JPY,100.12
2024-02-18,SGD/JPY,108.79
2024-02-19,USD/JPY,146.04
2024-02-19,EUR/JPY,161.9
2024-02-19,GBP/JPY,184.96
2024-02-19,AUD/JPY,98.33
2024-02-19,SGD/JPY,106.43
2024-02-20,USD/JPY,144.69
2024-02-20,EUR/JPY,159.71
2024-02-20,GBP/JPY,183.29
2024-02-20,AUD/JPY,99.3
2024-02-20,SGD/JPY,107.23
2024-02-21,USD/JPY,146.54
2024-02-21,EUR/JPY,159.93
2024-02-21,GBP/JPY,184.65
2024-02-21,AUD/JPY,98.57
2024-02-21,SGD/JPY,107.48
2024-02-22,USD/JPY,146.21
2024-02-22,EUR/JPY,160.83
2024-02-22,GBP/JPY,184.98
2024-02-22,AUD/JPY,99.49
2024-02-22,SGD/JPY,106.97
2024-02-23,USD/JPY,147.17
2024-02-23,EUR/JPY,159.43
2024-02-23,GBP/JPY,183.95
2024-02-23,AUD/JPY,97.91
2024-02-23,SGD/JPY,107.27
2024-02-24,USD/JPY,145.33
2024-02-24,EUR/JPY,161.06
2024-02-24,GBP/JPY,185.62
2024-02-24,AUD/JPY,99.11
2024-02-24,SGD/JPY,108.84
2024-02-25,USD/JPY,146.88
2024-02-25,EUR/JPY,159.9
2024-02-25,GBP/JPY,183.96
2024-02-25,AUD/JPY,97.85
2024-02-25,SGD/JPY,108.18
2024-02-26,USD/JPY,146.27
2024-02-26,EUR/JPY,158.92
2024-02-26,GBP/JPY,184.38
2024-02-26,AUD/JPY,98.71
2024-02-26,SGD/JPY,105.64
2024-02-27,USD/JPY,143.79
2024-02-27,EUR/JPY,159.11
2024-02-27,GBP/JPY,187.42
2024-02-27,AUD/JPY,97.67
2024-02-27,SGD/JPY,106.79
2024-02-28,USD/JPY,145.51
2024-02-28,EUR/JPY,159.84
2024-02-28,GBP/JPY,184.14
2024-02-28,AUD/JPY,98.13
2024-02-28,SGD/JPY,107.12
2024-02-29,USD/JPY,145.13
2024-02-29,EUR/JPY,159.54
2024-02-29,GBP/JPY,185.53
2024-02-29,AUD/JPY,99.08
2024-02-29,SGD/JPY,108.04
2024-03-01,USD/JPY,142.03
2024-03-01,EUR/JPY,159.16
2024-03-01,GBP/JPY,184.53
2024-03-01,AUD/JPY,97.56
2024-03-01,SGD/JPY,107.82
2024-03-02,USD/JPY,144.84
2024-03-02,EUR/JPY,159.41
2024-03-02,GBP/JPY,187.57
2024-03-02,AUD/JPY,97.95
2024-03-02,SGD/JPY,109.14
2024-03-03,USD/JPY,147.38
2024-03-03,EUR/JPY,160.15
2024-03-03,GBP/JPY,184.29
2024-03-03,AUD/JPY,98.66
2024-03-03,SGD/JPY,108.83
2024-03-04,USD/JPY,144.68
2024-03-04,EUR/JPY,157.29
2024-03-04,GBP/JPY,181.41
2024-03-04,AUD/JPY,99.12
2024-03-04,SGD/JPY,109.0
2024-03-05,USD/JPY,145.08
2024-03-05,EUR/JPY,163.0
2024-03-05,GBP/JPY,184.75
2024-03-05,AUD/JPY,97.78
2024-03-05,SGD/JPY,105.98
2024-03-06,USD/JPY,145.46
2024-03-06,EUR/JPY,158.32
2024-03-06,GBP/JPY,183.47
2024-03-06,AUD/JPY,97.29
2024-03-06,SGD/JPY,106.37
2024-03-07,USD/JPY,147.59
2024-03-07,EUR/JPY,160.24
2024-03-07,GBP/JPY,183.2
2024-03-07,AUD/JPY,97.73
2024-03-07,SGD/JPY,106.56
2024-03-08,USD/JPY,144.56
2024-03-08,EUR/JPY,159.57
2024-03-08,GBP/JPY,185.27
2024-03-08,AUD/JPY,98.42
2024-03-08,SGD/JPY,107.21
2024-03-09,USD/JPY,144.7
2024-03-09,EUR/JPY,159.91
2024-03-09,GBP/JPY,185.13
2024-03-09,AUD/JPY,98.68
2024-03-09,SGD/JPY,107.87
2024-03-10,USD/JPY,146.55
2024-03-10,EUR/JPY,161.97
2024-03-10,GBP/JPY,183.36
2024-03-10,AUD/JPY,98.67
2024-03-10,SGD/JPY,107.85
2024-03-11,USD/JPY,144.36
2024-03-11,EUR/JPY,158.76
2024-03-11,GBP/JPY,183.88
2024-03-11,AUD/JPY,97.77
2024-03-11,SGD/JPY,106.84
2024-03-12,USD/JPY,144.58
2024-03-12,EUR/JPY,159.0
2024-03-12,GBP/JPY,184.83
2024-03-12,AUD/JPY,97.34
2024-03-12,SGD/JPY,107.71
2024-03-13,USD/JPY,144.61
2024-03-13,EUR/JPY,159.65
2024-03-13,GBP/JPY,184.76
2024-03-13,AUD/JPY,96.66
2024-03-13,SGD/JPY,108.34
2024-03-14,USD/JPY,142.2
2024-03-14,EUR/JPY,160.69
2024-03-14,GBP/JPY,186.48
2024-03-14,AUD/JPY,98.01
2024-03-14,SGD/JPY,107.76
2024-03-15,USD/JPY,145.78
2024-03-15,EUR/JPY,159.99
2024-03-15,GBP/JPY,184.35
2024-03-15,AUD/JPY,96.78
2024-03-15,SGD/JPY,107.52
2024-03-16,USD/JPY,143.06
2024-03-16,EUR/JPY,157.97
2024-03-16,GBP/JPY,186.19
2024-03-16,AUD/JPY,97.35
2024-03-16,SGD/JPY,106.99
2024-03-17,USD/JPY,144.68
2024-03-17,EUR/JPY,158.23
2024-03-17,GBP/JPY,185.6
2024-03-17,AUD/JPY,98.9
2024-03-17,SGD/JPY,108.88
2024-03-18,USD/JPY,144.01
2024-03-18,EUR/JPY,158.82
2024-03-18,GBP/JPY,185.74
2024-03-18,AUD/JPY,98.07
2024-03-18,SGD/JPY,108.88
2024-03-19,USD/JPY,142.51
2024-03-19,EUR/JPY,159.07
2024-03-19,GBP/JPY,185.66
2024-03-19,AUD/JPY,98.09
2024-03-19,SGD/JPY,108.15
2024-03-20,USD/JPY,143.39
2024-03-20,EUR/JPY,161.0
2024-03-20,GBP/JPY,186.25
2024-03-20,AUD/JPY,98.74
2024-03-20,SGD/JPY,107.96
2024-03-21,USD/JPY,146.23
2024-03-21,EUR/JPY,158.86
2024-03-21,GBP/JPY,184.76
2024-03-21,AUD/JPY,98.8
2024-03-21,SGD/JPY,108.22
2024-03-22,USD/JPY,144.72
2024-03-22,EUR/JPY,161.72
2024-03-22,GBP/JPY,183.57
2024-03-22,AUD/JPY,97.92
2024-03-22,SGD/JPY,107.87
2024-03-23,USD/JPY,145.61
2024-03-23,EUR/JPY,159.8
2024-03-23,GBP/JPY,183.77
2024-03-23,AUD/JPY,97.18
2024-03-23,SGD/JPY,108.72
2024-03-24,USD/JPY,143.55
2024-03-24,EUR/JPY,159.57
2024-03-24,GBP/JPY,182.82
2024-03-24,AUD/JPY,97.89
2024-03-24,SGD/JPY,108.2
2024-03-25,USD/JPY,143.87
2024-03-25,EUR/JPY,159.81
2024-03-25,GBP/JPY,182.75
2024-03-25,AUD/JPY,97.95
2024-03-25,SGD/JPY,106.9
2024-03-26,USD/JPY,144.31
2024-03-26,EUR/JPY,160.31
2024-03-26,GBP/JPY,184.7
2024-03-26,AUD/JPY,97.79
2024-03-26,SGD/JPY,109.42
2024-03-27,USD/JPY,144.87
2024-03-27,EUR/JPY,161.39
2024-03-27,GBP/JPY,182.85
2024-03-27,AUD/JPY,97.21
2024-03-27,SGD/JPY,106.35
2024-03-28,USD/JPY,142.75
2024-03-28,EUR/JPY,160.66
2024-03-28,GBP/JPY,189.46
2024-03-28,AUD/JPY,97.71
2024-03-28,SGD/JPY,106.74
2024-03-29,USD/JPY,144.38
2024-03-29,EUR/JPY,163.51
2024-03-29,GBP/JPY,184.37
2024-03-29,AUD/JPY,98.41
2024-03-29,SGD/JPY,107.42
2024-03-30,USD/JPY,144.47
2024-03-30,EUR/JPY,159.66
2024-03-30,GBP/JPY,185.5
2024-03-30,AUD/JPY,97.48
2024-03-30,SGD/JPY,108.08
2024-03-31,USD/JPY,143.78
2024-03-31,EUR/JPY,160.61
2024-03-31,GBP/JPY,185.01
2024-03-31,AUD/JPY,97.58
2024-03-31,SGD/JPY,108.57
2024-04-01,USD/JPY,144.79
2024-04-01,EUR/JPY,160.38
2024-04-01,GBP/JPY,181.06
2024-04-01,AUD/JPY,98.45
2024-04-01,SGD/JPY,107.2
2024-04-02,USD/JPY,145.78
2024-04-02,EUR/JPY,160.5
2024-04-02,GBP/JPY,184.86
2024-04-02,AUD/JPY,96.73
2024-04-02,SGD/JPY,107.42
2024-04-03,USD/JPY,144.94
2024-04-03,EUR/JPY,158.93
2024-04-03,GBP/JPY,184.98
2024-04-03,AUD/JPY,96.74
2024-04-03,SGD/JPY,108.7
2024-04-04,USD/JPY,146.04
2024-04-04,EUR/JPY,160.24
2024-04-04,GBP/JPY,186.09
2024-04-04,AUD/JPY,97.95
2024-04-04,SGD/JPY,108.28
2024-04-05,USD/JPY,143.47
2024-04-05,EUR/JPY,161.05
2024-04-05,GBP/JPY,182.54
2024-04-05,AUD/JPY,96.88
2024-04-05,SGD/JPY,106.72
2024-04-06,USD/JPY,144.39
2024-04-06,EUR/JPY,159.57
2024-04-06,GBP/JPY,185.47
2024-04-06,AUD/JPY,98.19
2024-04-06,SGD/JPY,106.61
2024-04-07,USD/JPY,145.56
2024-04-07,EUR/JPY,157.7
2024-04-07,GBP/JPY,187.48
2024-04-07,AUD/JPY,98.97
2024-04-07,SGD/JPY,109.93
2024-04-08,USD/JPY,144.97
2024-04-08,EUR/JPY,157.58
2024-04-08,GBP/JPY,185.23
2024-04-08,AUD/JPY,97.45
2024-04-08,SGD/JPY,107.51
2024-04-09,USD/JPY,144.71
2024-04-09,EUR/JPY,161.68
2024-04-09,GBP/JPY,182.66
2024-04-09,AUD/JPY,97.23
2024-04-09,SGD/JPY,107.23
2024-04-10,USD/JPY,145.59
2024-04-10,EUR/JPY,159.89
2024-04-10,GBP/JPY,185.49
2024-04-10,AUD/JPY,97.64
2024-04-10,SGD/JPY,107.62
2024-04-11,USD/JPY,143.65
2024-04-11,EUR/JPY,159.85
2024-04-11,GBP/JPY,183.79
2024-04-11,AUD/JPY,98.11
2024-04-11,SGD/JPY,107.48
2024-04-12,USD/JPY,146.15
2024-04-12,EUR/JPY,162.27
2024-04-12,GBP/JPY,180.8
2024-04-12,AUD/JPY,97.33
2024-04-12,SGD/JPY,108.98
2024-04-13,USD/JPY,145.45
2024-04-13,EUR/JPY,159.4
2024-04-13,GBP/JPY,184.76
2024-04-13,AUD/JPY,98.45
2024-04-13,SGD/JPY,107.7
2024-04-14,USD/JPY,145.9
2024-04-14,EUR/JPY,157.91
2024-04-14,GBP/JPY,185.35
2024-04-14,AUD/JPY,96.1
2024-04-14,SGD/JPY,109.18
2024-04-15,USD/JPY,144.25
2024-04-15,EUR/JPY,159.4
2024-04-15,GBP/JPY,185.86
2024-04-15,AUD/JPY,97.52
2024-04-15,SGD/JPY,108.66
2024-04-16,USD/JPY,143.78
2024-04-16,EUR/JPY,160.1
2024-04-16,GBP/JPY,182.59
2024-04-16,AUD/JPY,98.46
2024-04-16,SGD/JPY,109.16
2024-04-17,USD/JPY,144.66
2024-04-17,EUR/JPY,160.93
2024-04-17,GBP/JPY,184.26
2024-04-17,AUD/JPY,99.18
2024-04-17,SGD/JPY,109.29
2024-04-18,USD/JPY,145.6
2024-04-18,EUR/JPY,162.29
2024-04-18,GBP/JPY,186.35
2024-04-18,AUD/JPY,97.61
2024-04-18,SGD/JPY,107.57
2024-04-19,USD/JPY,145.91
2024-04-19,EUR/JPY,159.29
2024-04-19,GBP/JPY,184.2
2024-04-19,AUD/JPY,98.17
2024-04-19,SGD/JPY,107.88
2024-04-20,USD/JPY,145.7
2024-04-20,EUR/JPY,157.55
2024-04-20,GBP/JPY,181.75
2024-04-20,AUD/JPY,99.14
2024-04-20,SGD/JPY,108.57
2024-04-21,USD/JPY,148.32
2024-04-21,EUR/JPY,159.37
2024-04-21,GBP/JPY,182.39
2024-04-21,AUD/JPY,98.2
2024-04-21,SGD/JPY,108.96
2024-04-22,USD/JPY,143.62
2024-04-22,EUR/JPY,158.94
2024-04-22,GBP/JPY,183.45
2024-04-22,AUD/JPY,97.98
2024-04-22,SGD/JPY,107.16
2024-04-23,USD/JPY,143.6
2024-04-23,EUR/JPY,159.61
2024-04-23,GBP/JPY,184.72
2024-04-23,AUD/JPY,96.98
2024-04-23,SGD/JPY,108.34
2024-04-24,USD/JPY,145.59
2024-04-24,EUR/JPY,161.8
2024-04-24,GBP/JPY,181.13
2024-04-24,AUD/JPY,98.94
2024-04-24,SGD/JPY,108.24
2024-04-25,USD/JPY,145.45
2024-04-25,EUR/JPY,161.66
2024-04-25,GBP/JPY,185.49
2024-04-25,AUD/JPY,97.97
2024-04-25,SGD/JPY,108.33
2024-04-26,USD/JPY,143.06
2024-04-26,EUR/JPY,159.96
2024-04-26,GBP/JPY,184.97
2024-04-26,AUD/JPY,99.0
2024-04-26,SGD/JPY,107.94
2024-04-27,USD/JPY,144.74
2024-04-27,EUR/JPY,157.83
2024-04-27,GBP/JPY,187.89
2024-04-27,AUD/JPY,99.22
2024-04-27,SGD/JPY,108.63
2024-04-28,USD/JPY,144.48
2024-04-28,EUR/JPY,161.03
2024-04-28,GBP/JPY,186.03
2024-04-28,AUD/JPY,99.12
2024-04-28,SGD/JPY,106.56
2024-04-29,USD/JPY,144.82
2024-04-29,EUR/JPY,158.54
2024-04-29,GBP/JPY,184.09
2024-04-29,AUD/JPY,97.81
2024-04-29,SGD/JPY,106.65
2024-04-30,USD/JPY,147.25
2024-04-30,EUR/JPY,161.53
2024-04-30,GBP/JPY,184.71
2024-04-30,AUD/JPY,97.68
2024-04-30,SGD/JPY,108.31
2024-05-01,USD/JPY,143.6
2024-05-01,EUR/JPY,162.2
2024-05-01,GBP/JPY,182.75
2024-05-01,AUD/JPY,99.42
2024-05-01,SGD/JPY,107.72
2024-05-02,USD/JPY,142.98
2024-05-02,EUR/JPY,158.96
2024-05-02,GBP/JPY,187.66
2024-05-02,AUD/JPY,100.14
2024-05-02,SGD/JPY,108.36
2024-05-03,USD/JPY,143.65
2024-05-03,EUR/JPY,155.92
2024-05-03,GBP/JPY,184.45
2024-05-03,AUD/JPY,98.71
2024-05-03,SGD/JPY,108.08
2024-05-04,USD/JPY,146.5
2024-05-04,EUR/JPY,158.48
2024-05-04,GBP/JPY,185.88
2024-05-04,AUD/JPY,97.67
2024-05-04,SGD/JPY,107.4
2024-05-05,USD/JPY,144.73
2024-05-05,EUR/JPY,160.7
2024-05-05,GBP/JPY,182.85
2024-05-05,AUD/JPY,98.95
2024-05-05,SGD/JPY,106.45
2024-05-06,USD/JPY,144.92
2024-05-06,EUR/JPY,161.54
2024-05-06,GBP/JPY,184.37
2024-05-06,AUD/JPY,98.15
2024-05-06,SGD/JPY,108.16
2024-05-07,USD/JPY,145.55
2024-05-07,EUR/JPY,158.66
2024-05-07,GBP/JPY,186.73
2024-05-07,AUD/JPY,98.22
2024-05-07,SGD/JPY,107.77
2024-05-08,USD/JPY,145.32
2024-05-08,EUR/JPY,162.1
2024-05-08,GBP/JPY,183.37
2024-05-08,AUD/JPY,97.69
2024-05-08,SGD/JPY,108.73
2024-05-09,USD/JPY,141.44
2024-05-09,EUR/JPY,159.37
2024-05-09,GBP/JPY,185.85
2024-05-09,AUD/JPY,97.61
2024-05-09,SGD/JPY,108.03
2024-05-10,USD/JPY,145.01
2024-05-10,EUR/JPY,158.81
2024-05-10,GBP/JPY,184.37
2024-05-10,AUD/JPY,95.29
2024-05-10,SGD/JPY,108.55
2024-05-11,USD/JPY,145.64
2024-05-11,EUR/JPY,159.69
2024-05-11,GBP/JPY,183.58
2024-05-11,AUD/JPY,99.52
2024-05-11,SGD/JPY,108.36
2024-05-12,USD/JPY,142.09
2024-05-12,EUR/JPY,160.48
2024-05-12,GBP/JPY,185.65
2024-05-12,AUD/JPY,98.22
2024-05-12,SGD/JPY,109.31
2024-05-13,USD/JPY,145.06
2024-05-13,EUR/JPY,162.49
2024-05-13,GBP/JPY,186.47
2024-05-13,AUD/JPY,98.91
2024-05-13,SGD/JPY,108.81
2024-05-14,USD/JPY,146.54
2024-05-14,EUR/JPY,160.96
2024-05-14,GBP/JPY,187.17
2024-05-14,AUD/JPY,97.59
2024-05-14,SGD/JPY,108.09
2024-05-15,USD/JPY,143.34
2024-05-15,EUR/JPY,159.64
2024-05-15,GBP/JPY,187.38
2024-05-15,AUD/JPY,98.52
2024-05-15,SGD/JPY,107.69
2024-05-16,USD/JPY,145.16
2024-05-16,EUR/JPY,159.39
2024-05-16,GBP/JPY,183.31
2024-05-16,AUD/JPY,97.88
2024-05-16,SGD/JPY,107.97
2024-05-17,USD/JPY,144.55
2024-05-17,EUR/JPY,158.82
2024-05-17,GBP/JPY,183.64
2024-05-17,AUD/JPY,96.96
2024-05-17,SGD/JPY,110.39
2024-05-18,USD/JPY,143.96
2024-05-18,EUR/JPY,159.59
2024-05-18,GBP/JPY,184.25
2024-05-18,AUD/JPY,97.47
2024-05-18,SGD/JPY,108.04
2024-05-19,USD/JPY,145.48
2024-05-19,EUR/JPY,161.82
2024-05-19,GBP/JPY,187.15
2024-05-19,AUD/JPY,99.02
2024-05-19,SGD/JPY,108.55
2024-05-20,USD/JPY,146.02
2024-05-20,EUR/JPY,159.83
2024-05-20,GBP/JPY,184.64
2024-05-20,AUD/JPY,97.34
2024-05-20,SGD/JPY,107.77
2024-05-21,USD/JPY,146.51
2024-05-21,EUR/JPY,158.92
2024-05-21,GBP/JPY,183.03
2024-05-21,AUD/JPY,97.69
2024-05-21,SGD/JPY,109.14
2024-05-22,USD/JPY,144.59
2024-05-22,EUR/JPY,159.04
2024-05-22,GBP/JPY,183.76
2024-05-22,AUD/JPY,98.8
2024-05-22,SGD/JPY,108.44
2024-05-23,USD/JPY,144.88
2024-05-23,EUR/JPY,160.7
2024-05-23,GBP/JPY,187.51
2024-05-23,AUD/JPY,96.67
2024-05-23,SGD/JPY,108.32
2024-05-24,USD/JPY,146.18
2024-05-24,EUR/JPY,160.31
2024-05-24,GBP/JPY,184.71
2024-05-24,AUD/JPY,98.8
2024-05-24,SGD/JPY,110.21
2024-05-25,USD/JPY,143.21
2024-05-25,EUR/JPY,160.96
2024-05-25,GBP/JPY,185.63
2024-05-25,AUD/JPY,97.02
2024-05-25,SGD/JPY,107.61
2024-05-26,USD/JPY,145.2
2024-05-26,EUR/JPY,160.19
2024-05-26,GBP/JPY,185.9
2024-05-26,AUD/JPY,95.99
2024-05-26,SGD/JPY,108.1
2024-05-27,USD/JPY,144.66
2024-05-27,EUR/JPY,158.91
2024-05-27,GBP/JPY,184.01
2024-05-27,AUD/JPY,96.99
2024-05-27,SGD/JPY,108.29
2024-05-28,USD/JPY,144.46
2024-05-28,EUR/JPY,161.19
2024-05-28,GBP/JPY,181.78
2024-05-28,AUD/JPY,96.66
2024-05-28,SGD/JPY,107.24
2024-05-29,USD/JPY,142.79
2024-05-29,EUR/JPY,162.81
2024-05-29,GBP/JPY,183.45
2024-05-29,AUD/JPY,99.45
2024-05-29,SGD/JPY,107.95
2024-05-30,USD/JPY,145.66
2024-05-30,EUR/JPY,157.97
2024-05-30,GBP/JPY,185.43
2024-05-30,AUD/JPY,99.81
2024-05-30,SGD/JPY,107.09
2024-05-31,USD/JPY,143.79
2024-05-31,EUR/JPY,158.15
2024-05-31,GBP/JPY,182.56
2024-05-31,AUD/JPY,97.62
2024-05-31,SGD/JPY,107.66
2024-06-01,USD/JPY,144.08
2024-06-01,EUR/JPY,161.59
2024-06-01,GBP/JPY,189.28
2024-06-01,AUD/JPY,98.57
2024-06-01,SGD/JPY,108.76
2024-06-02,USD/JPY,145.37
2024-06-02,EUR/JPY,160.85
2024-06-02,GBP/JPY,185.11
2024-06-02,AUD/JPY,98.21
2024-06-02,SGD/JPY,109.17
2024-06-03,USD/JPY,143.54
2024-06-03,EUR/JPY,161.19
2024-06-03,GBP/JPY,185.04
2024-06-03,AUD/JPY,96.7
2024-06-03,SGD/JPY,107.7
2024-06-04,USD/JPY,145.5
2024-06-04,EUR/JPY,159.8
2024-06-04,GBP/JPY,183.91
2024-06-04,AUD/JPY,97.0
2024-06-04,SGD/JPY,107.13
2024-06-05,USD/JPY,144.28
2024-06-05,EUR/JPY,161.27
2024-06-05,GBP/JPY,186.24
2024-06-05,AUD/JPY,97.52
2024-06-05,SGD/JPY,109.41
2024-06-06,USD/JPY,143.88
2024-06-06,EUR/JPY,162.54
2024-06-06,GBP/JPY,181.06
2024-06-06,AUD/JPY,97.79
2024-06-06,SGD/JPY,108.75
2024-06-07,USD/JPY,145.94
2024-06-07,EUR/JPY,159.79
2024-06-07,GBP/JPY,187.92
2024-06-07,AUD/JPY,97.83
2024-06-07,SGD/JPY,109.38
2024-06-08,USD/JPY,146.17
2024-06-08,EUR/JPY,161.21
2024-06-08,GBP/JPY,185.47
2024-06-08,AUD/JPY,97.7
2024-06-08,SGD/JPY,106.93
2024-06-09,USD/JPY,143.9
2024-06-09,EUR/JPY,160.14
2024-06-09,GBP/JPY,184.51
2024-06-09,AUD/JPY,96.76
2024-06-09,SGD/JPY,106.93
2024-06-10,USD/JPY,143.98
2024-06-10,EUR/JPY,160.11
2024-06-10,GBP/JPY,183.91
2024-06-10,AUD/JPY,98.6
2024-06-10,SGD/JPY,107.09
2024-06-11,USD/JPY,145.19
2024-06-11,EUR/JPY,161.3
2024-06-11,GBP/JPY,186.39
2024-06-11,AUD/JPY,97.18
2024-06-11,SGD/JPY,108.22
2024-06-12,USD/JPY,145.12
2024-06-12,EUR/JPY,158.39
2024-06-12,GBP/JPY,183.04
2024-06-12,AUD/JPY,96.69
2024-06-12,SGD/JPY,111.23
2024-06-13,USD/JPY,144.82
2024-06-13,EUR/JPY,160.8
2024-06-13,GBP/JPY,184.69
2024-06-13,AUD/JPY,97.64
2024-06-13,SGD/JPY,108.08
2024-06-14,USD/JPY,144.79
2024-06-14,EUR/JPY,160.39
2024-06-14,GBP/JPY,185.05
2024-06-14,AUD/JPY,97.65
2024-06-14,SGD/JPY,107.85
2024-06-15,USD/JPY,142.97
2024-06-15,EUR/JPY,160.77
2024-06-15,GBP/JPY,187.41
2024-06-15,AUD/JPY,96.08
2024-06-15,SGD/JPY,107.67
2024-06-16,USD/JPY,147.99
2024-06-16,EUR/JPY,158.92
2024-06-16,GBP/JPY,184.74
2024-06-16,AUD/JPY,99.61
2024-06-16,SGD/JPY,106.71
2024-06-17,USD/JPY,143.21
2024-06-17,EUR/JPY,160.03
2024-06-17,GBP/JPY,185.68
2024-06-17,AUD/JPY,98.83
2024-06-17,SGD/JPY,108.61
2024-06-18,USD/JPY,144.83
2024-06-18,EUR/JPY,158.27
2024-06-18,GBP/JPY,186.28
2024-06-18,AUD/JPY,98.55
2024-06-18,SGD/JPY,108.74
2024-06-19,USD/JPY,146.99
2024-06-19,EUR/JPY,161.84
2024-06-19,GBP/JPY,185.24
2024-06-19,AUD/JPY,99.02
2024-06-19,SGD/JPY,110.09
2024-06-20,USD/JPY,146.1
2024-06-20,EUR/JPY,156.83
2024-06-20,GBP/JPY,184.71
2024-06-20,AUD/JPY,98.11
2024-06-20,SGD/JPY,109.55
2024-06-21,USD/JPY,145.19
2024-06-21,EUR/JPY,161.12
2024-06-21,GBP/JPY,183.71
2024-06-21,AUD/JPY,96.99
2024-06-21,SGD/JPY,106.05
2024-06-22,USD/JPY,143.75
2024-06-22,EUR/JPY,156.8
2024-06-22,GBP/JPY,182.3
2024-06-22,AUD/JPY,98.98
2024-06-22,SGD/JPY,108.43
2024-06-23,USD/JPY,145.38
2024-06-23,EUR/JPY,159.45
2024-06-23,GBP/JPY,184.9
2024-06-23,AUD/JPY,97.67
2024-06-23,SGD/JPY,106.98
2024-06-24,USD/JPY,145.33
2024-06-24,EUR/JPY,156.77
2024-06-24,GBP/JPY,186.86
2024-06-24,AUD/JPY,99.46
2024-06-24,SGD/JPY,108.55
2024-06-25,USD/JPY,144.05
2024-06-25,EUR/JPY,161.47
2024-06-25,GBP/JPY,186.68
2024-06-25,AUD/JPY,98.7
2024-06-25,SGD/JPY,107.59
2024-06-26,USD/JPY,143.74
2024-06-26,EUR/JPY,156.9
2024-06-26,GBP/JPY,182.58
2024-06-26,AUD/JPY,95.29
2024-06-26,SGD/JPY,107.85
2024-06-27,USD/JPY,140.73
2024-06-27,EUR/JPY,157.6
2024-06-27,GBP/JPY,184.95
2024-06-27,AUD/JPY,97.12
2024-06-27,SGD/JPY,108.5
2024-06-28,USD/JPY,146.32
2024-06-28,EUR/JPY,158.8
2024-06-28,GBP/JPY,182.82
2024-06-28,AUD/JPY,97.75
2024-06-28,SGD/JPY,109.69
2024-06-29,USD/JPY,144.08
2024-06-29,EUR/JPY,159.23
2024-06-29,GBP/JPY,182.42
2024-06-29,AUD/JPY,97.31
2024-06-29,SGD/JPY,107.68
2024-06-30,USD/JPY,144.01
2024-06-30,EUR/JPY,159.26
2024-06-30,GBP/JPY,183.33
2024-06-30,AUD/JPY,97.53
2024-06-30,SGD/JPY,109.65
2024-07-01,USD/JPY,147.18
2024-07-01,EUR/JPY,159.94
2024-07-01,GBP/JPY,182.15
2024-07-01,AUD/JPY,95.57
2024-07-01,SGD/JPY,107.31
2024-07-02,USD/JPY,147.03
2024-07-02,EUR/JPY,164.26
2024-07-02,GBP/JPY,183.2
2024-07-02,AUD/JPY,96.88
2024-07-02,SGD/JPY,108.26
2024-07-03,USD/JPY,142.55
2024-07-03,EUR/JPY,156.07
2024-07-03,GBP/JPY,184.9
2024-07-03,AUD/JPY,98.49
2024-07-03,SGD/JPY,106.68
2024-07-04,USD/JPY,146.21
2024-07-04,EUR/JPY,160.49
2024-07-04,GBP/JPY,185.73
2024-07-04,AUD/JPY,96.98
2024-07-04,SGD/JPY,109.14
2024-07-05,USD/JPY,148.21
2024-07-05,EUR/JPY,161.74
2024-07-05,GBP/JPY,185.05
2024-07-05,AUD/JPY,96.69
2024-07-05,SGD/JPY,109.13
2024-07-06,USD/JPY,147.01
2024-07-06,EUR/JPY,163.67
2024-07-06,GBP/JPY,180.76
2024-07-06,AUD/JPY,98.94
2024-07-06,SGD/JPY,109.56
2024-07-07,USD/JPY,145.03
2024-07-07,EUR/JPY,156.11
2024-07-07,GBP/JPY,185.13
2024-07-07,AUD/JPY,99.0
2024-07-07,SGD/JPY,107.07
2024-07-08,USD/JPY,145.4
2024-07-08,EUR/JPY,159.37
2024-07-08,GBP/JPY,187.94
2024-07-08,AUD/JPY,96.86
2024-07-08,SGD/JPY,108.23
2024-07-09,USD/JPY,146.73
2024-07-09,EUR/JPY,160.34
2024-07-09,GBP/JPY,181.74
2024-07-09,AUD/JPY,98.25
2024-07-09,SGD/JPY,109.28
2024-07-10,USD/JPY,144.57
2024-07-10,EUR/JPY,156.86
2024-07-10,GBP/JPY,184.77
2024-07-10,AUD/JPY,97.27
2024-07-10,SGD/JPY,109.54
2024-07-11,USD/JPY,143.58
2024-07-11,EUR/JPY,160.01
2024-07-11,GBP/JPY,183.82
2024-07-11,AUD/JPY,99.95
2024-07-11,SGD/JPY,105.77
2024-07-12,USD/JPY,143.99
2024-07-12,EUR/JPY,161.3
2024-07-12,GBP/JPY,185.11
2024-07-12,AUD/JPY,98.07
2024-07-12,SGD/JPY,109.36
2024-07-13,USD/JPY,145.22
2024-07-13,EUR/JPY,159.2
2024-07-13,GBP/JPY,185.59
2024-07-13,AUD/JPY,97.63
2024-07-13,SGD/JPY,108.78
2024-07-14,USD/JPY,141.99
2024-07-14,EUR/JPY,160.17
2024-07-14,GBP/JPY,187.97
2024-07-14,AUD/JPY,97.16
2024-07-14,SGD/JPY,107.91
2024-07-15,USD/JPY,142.96
2024-07-15,EUR/JPY,156.83
2024-07-15,GBP/JPY,184.64
2024-07-15,AUD/JPY,97.18
2024-07-15,SGD/JPY,106.04
2024-07-16,USD/JPY,147.08
2024-07-16,EUR/JPY,158.43
2024-07-16,GBP/JPY,186.32
2024-07-16,AUD/JPY,98.56
2024-07-16,SGD/JPY,107.83
2024-07-17,USD/JPY,146.6
2024-07-17,EUR/JPY,160.58
2024-07-17,GBP/JPY,185.02
2024-07-17,AUD/JPY,97.4
2024-07-17,SGD/JPY,108.55
2024-07-18,USD/JPY,144.97
2024-07-18,EUR/JPY,158.71
2024-07-18,GBP/JPY,182.66
2024-07-18,AUD/JPY,98.19
2024-07-18,SGD/JPY,107.51
2024-07-19,USD/JPY,145.36
2024-07-19,EUR/JPY,161.85
2024-07-19,GBP/JPY,186.67
2024-07-19,AUD/JPY,97.67
2024-07-19,SGD/JPY,108.03
2024-07-20,USD/JPY,144.67
2024-07-20,EUR/JPY,159.28
2024-07-20,GBP/JPY,186.01
2024-07-20,AUD/JPY,99.87
2024-07-20,SGD/JPY,106.72
2024-07-21,USD/JPY,143.75
2024-07-21,EUR/JPY,159.04
2024-07-21,GBP/JPY,183.15
2024-07-21,AUD/JPY,98.72
2024-07-21,SGD/JPY,110.16
2024-07-22,USD/JPY,143.17
2024-07-22,EUR/JPY,161.61
2024-07-22,GBP/JPY,187.81
2024-07-22,AUD/JPY,98.97
2024-07-22,SGD/JPY,107.43
2024-07-23,USD/JPY,146.36
2024-07-23,EUR/JPY,159.69
2024-07-23,GBP/JPY,185.07
2024-07-23,AUD/JPY,98.71
2024-07-23,SGD/JPY,110.48
2024-07-24,USD/JPY,142.7
2024-07-24,EUR/JPY,159.64
2024-07-24,GBP/JPY,183.11
2024-07-24,AUD/JPY,98.84
2024-07-24,SGD/JPY,109.21
2024-07-25,USD/JPY,145.65
2024-07-25,EUR/JPY,159.36
2024-07-25,GBP/JPY,186.15
2024-07-25,AUD/JPY,99.43
2024-07-25,SGD/JPY,108.67
2024-07-26,USD/JPY,144.95
2024-07-26,EUR/JPY,161.2
2024-07-26,GBP/JPY,186.53
2024-07-26,AUD/JPY,97.63
2024-07-26,SGD/JPY,109.22
2024-07-27,USD/JPY,144.15
2024-07-27,EUR/JPY,160.37
2024-07-27,GBP/JPY,185.73
2024-07-27,AUD/JPY,98.09
2024-07-27,SGD/JPY,107.31
2024-07-28,USD/JPY,147.26
2024-07-28,EUR/JPY,157.2
2024-07-28,GBP/JPY,183.43
2024-07-28,AUD/JPY,98.54
2024-07-28,SGD/JPY,108.04
2024-07-29,USD/JPY,144.66
2024-07-29,EUR/JPY,161.13
2024-07-29,GBP/JPY,189.09
2024-07-29,AUD/JPY,97.66
2024-07-29,SGD/JPY,107.93
2024-07-30,USD/JPY,144.5
2024-07-30,EUR/JPY,158.13
2024-07-30,GBP/JPY,185.63
2024-07-30,AUD/JPY,98.28
2024-07-30,SGD/JPY,109.75
2024-07-31,USD/JPY,146.53
2024-07-31,EUR/JPY,159.96
2024-07-31,GBP/JPY,184.83
2024-07-31,AUD/JPY,97.05
2024-07-31,SGD/JPY,107.31
2024-08-01,USD/JPY,144.03
2024-08-01,EUR/JPY,158.11
2024-08-01,GBP/JPY,189.03
2024-08-01,AUD/JPY,96.49
2024-08-01,SGD/JPY,107.39
2024-08-02,USD/JPY,142.87
2024-08-02,EUR/JPY,160.91
2024-08-02,GBP/JPY,186.36
2024-08-02,AUD/JPY,100.06
2024-08-02,SGD/JPY,106.55
2024-08-03,USD/JPY,144.96
2024-08-03,EUR/JPY,159.98
2024-08-03,GBP/JPY,185.09
2024-08-03,AUD/JPY,98.77
2024-08-03,SGD/JPY,107.78
2024-08-04,USD/JPY,144.33
2024-08-04,EUR/JPY,162.78
2024-08-04,GBP/JPY,185.2
2024-08-04,AUD/JPY,98.0
2024-08-04,SGD/JPY,107.63
2024-08-05,USD/JPY,145.63
2024-08-05,EUR/JPY,158.52
2024-08-05,GBP/JPY,187.5
2024-08-05,AUD/JPY,96.7
2024-08-05,SGD/JPY,109.39
2024-08-06,USD/JPY,146.79
2024-08-06,EUR/JPY,158.01
2024-08-06,GBP/JPY,181.41
2024-08-06,AUD/JPY,98.6
2024-08-06,SGD/JPY,108.22
2024-08-07,USD/JPY,146.56
2024-08-07,EUR/JPY,160.37
2024-08-07,GBP/JPY,185.97
2024-08-07,AUD/JPY,98.73
2024-08-07,SGD/JPY,105.43
2024-08-08,USD/JPY,148.28
2024-08-08,EUR/JPY,159.21
2024-08-08,GBP/JPY,184.82
2024-08-08,AUD/JPY,101.27
2024-08-08,SGD/JPY,105.26
2024-08-09,USD/JPY,145.79
2024-08-09,EUR/JPY,161.98
2024-08-09,GBP/JPY,186.23
2024-08-09,AUD/JPY,99.7
2024-08-09,SGD/JPY,106.99
2024-08-10,USD/JPY,147.3
2024-08-10,EUR/JPY,160.0
2024-08-10,GBP/JPY,183.91
2024-08-10,AUD/JPY,97.8
2024-08-10,SGD/JPY,108.23
2024-08-11,USD/JPY,144.05
2024-08-11,EUR/JPY,157.79
2024-08-11,GBP/JPY,183.02
2024-08-11,AUD/JPY,96.66
2024-08-11,SGD/JPY,108.13
2024-08-12,USD/JPY,146.09
2024-08-12,EUR/JPY,160.24
2024-08-12,GBP/JPY,183.84
2024-08-12,AUD/JPY,97.86
2024-08-12,SGD/JPY,108.23
2024-08-13,USD/JPY,144.8
2024-08-13,EUR/JPY,159.36
2024-08-13,GBP/JPY,183.5
2024-08-13,AUD/JPY,98.11
2024-08-13,SGD/JPY,107.39
2024-08-14,USD/JPY,143.76
2024-08-14,EUR/JPY,163.24
2024-08-14,GBP/JPY,182.61
2024-08-14,AUD/JPY,98.68
2024-08-14,SGD/JPY,108.99
2024-08-15,USD/JPY,144.14
2024-08-15,EUR/JPY,161.35
2024-08-15,GBP/JPY,184.48
2024-08-15,AUD/JPY,97.27
2024-08-15,SGD/JPY,107.44
2024-08-16,USD/JPY,146.28
2024-08-16,EUR/JPY,161.54
2024-08-16,GBP/JPY,188.06
2024-08-16,AUD/JPY,97.76
2024-08-16,SGD/JPY,106.49
2024-08-17,USD/JPY,143.59
2024-08-17,EUR/JPY,159.76
2024-08-17,GBP/JPY,184.94
2024-08-17,AUD/JPY,99.24
2024-08-17,SGD/JPY,107.97
2024-08-18,USD/JPY,143.81
2024-08-18,EUR/JPY,160.68
2024-08-18,GBP/JPY,184.49
2024-08-18,AUD/JPY,99.5
2024-08-18,SGD/JPY,104.99
2024-08-19,USD/JPY,144.81
2024-08-19,EUR/JPY,161.71
2024-08-19,GBP/JPY,185.18
2024-08-19,AUD/JPY,98.82
2024-08-19,SGD/JPY,107.16
2024-08-20,USD/JPY,143.46
2024-08-20,EUR/JPY,159.58
2024-08-20,GBP/JPY,186.23
2024-08-20,AUD/JPY,98.51
2024-08-20,SGD/JPY,107.91
2024-08-21,USD/JPY,145.53
2024-08-21,EUR/JPY,157.56
2024-08-21,GBP/JPY,185.81
2024-08-21,AUD/JPY,98.8
2024-08-21,SGD/JPY,107.85
2024-08-22,USD/JPY,143.53
2024-08-22,EUR/JPY,159.02
2024-08-22,GBP/JPY,185.11
2024-08-22,AUD/JPY,99.36
2024-08-22,SGD/JPY,108.07
2024-08-23,USD/JPY,144.56
2024-08-23,EUR/JPY,159.36
2024-08-23,GBP/JPY,184.98
2024-08-23,AUD/JPY,98.11
2024-08-23,SGD/JPY,108.15
2024-08-24,USD/JPY,144.83
2024-08-24,EUR/JPY,158.31
2024-08-24,GBP/JPY,185.87
2024-08-24,AUD/JPY,99.26
2024-08-24,SGD/JPY,109.28
2024-08-25,USD/JPY,146.2
2024-08-25,EUR/JPY,159.4
2024-08-25,GBP/JPY,185.1
2024-08-25,AUD/JPY,98.76
2024-08-25,SGD/JPY,107.67
2024-08-26,USD/JPY,143.56
2024-08-26,EUR/JPY,161.34
2024-08-26,GBP/JPY,186.93
2024-08-26,AUD/JPY,98.3
2024-08-26,SGD/JPY,109.23
2024-08-27,USD/JPY,144.82
2024-08-27,EUR/JPY,161.26
2024-08-27,GBP/JPY,182.74
2024-08-27,AUD/JPY,98.29
2024-08-27,SGD/JPY,105.24
2024-08-28,USD/JPY,146.75
2024-08-28,EUR/JPY,159.59
2024-08-28,GBP/JPY,182.83
2024-08-28,AUD/JPY,98.87
2024-08-28,SGD/JPY,107.61
2024-08-29,USD/JPY,145.41
2024-08-29,EUR/JPY,158.11
2024-08-29,GBP/JPY,185.44
2024-08-29,AUD/JPY,96.65
2024-08-29,SGD/JPY,108.44
2024-08-30,USD/JPY,145.99
2024-08-30,EUR/JPY,159.17
2024-08-30,GBP/JPY,185.6
2024-08-30,AUD/JPY,98.46
2024-08-30,SGD/JPY,108.06
2024-08-31,USD/JPY,143.69
2024-08-31,EUR/JPY,161.64
2024-08-31,GBP/JPY,182.47
2024-08-31,AUD/JPY,98.23
2024-08-31,SGD/JPY,110.4
2024-09-01,USD/JPY,143.86
2024-09-01,EUR/JPY,163.34
2024-09-01,GBP/JPY,187.32
2024-09-01,AUD/JPY,97.32
2024-09-01,SGD/JPY,109.34
2024-09-02,USD/JPY,147.73
2024-09-02,EUR/JPY,159.9
2024-09-02,GBP/JPY,180.34
2024-09-02,AUD/JPY,97.64
2024-09-02,SGD/JPY,109.58
2024-09-03,USD/JPY,145.53
2024-09-03,EUR/JPY,161.17
2024-09-03,GBP/JPY,186.12
2024-09-03,AUD/JPY,98.89
2024-09-03,SGD/JPY,108.49
2024-09-04,USD/JPY,145.03
2024-09-04,EUR/JPY,157.86
2024-09-04,GBP/JPY,183.11
2024-09-04,AUD/JPY,99.01
2024-09-04,SGD/JPY,108.04
2024-09-05,USD/JPY,143.67
2024-09-05,EUR/JPY,163.15
2024-09-05,GBP/JPY,184.19
2024-09-05,AUD/JPY,98.13
2024-09-05,SGD/JPY,109.25
2024-09-06,USD/JPY,143.23
2024-09-06,EUR/JPY,158.72
2024-09-06,GBP/JPY,186.81
2024-09-06,AUD/JPY,98.75
2024-09-06,SGD/JPY,108.28
2024-09-07,USD/JPY,144.13
2024-09-07,EUR/JPY,158.79
2024-09-07,GBP/JPY,184.41
2024-09-07,AUD/JPY,98.67
2024-09-07,SGD/JPY,106.38
2024-09-08,USD/JPY,145.06
2024-09-08,EUR/JPY,157.95
2024-09-08,GBP/JPY,186.7
2024-09-08,AUD/JPY,97.13
2024-09-08,SGD/JPY,108.69
2024-09-09,USD/JPY,145.65
2024-09-09,EUR/JPY,161.8
2024-09-09,GBP/JPY,185.3
2024-09-09,AUD/JPY,96.36
2024-09-09,SGD/JPY,108.28
2024-09-10,USD/JPY,146.45
2024-09-10,EUR/JPY,158.52
2024-09-10,GBP/JPY,184.29
2024-09-10,AUD/JPY,99.31
2024-09-10,SGD/JPY,107.79
2024-09-11,USD/JPY,144.26
2024-09-11,EUR/JPY,159.3
2024-09-11,GBP/JPY,182.91
2024-09-11,AUD/JPY,98.93
2024-09-11,SGD/JPY,108.39
2024-09-12,USD/JPY,147.27
2024-09-12,EUR/JPY,162.41
2024-09-12,GBP/JPY,179.8
2024-09-12,AUD/JPY,98.24
2024-09-12,SGD/JPY,106.77
2024-09-13,USD/JPY,147.37
2024-09-13,EUR/JPY,158.69
2024-09-13,GBP/JPY,184.67
2024-09-13,AUD/JPY,98.25
2024-09-13,SGD/JPY,111.08
2024-09-14,USD/JPY,142.72
2024-09-14,EUR/JPY,158.27
2024-09-14,GBP/JPY,182.92
2024-09-14,AUD/JPY,100.33
2024-09-14,SGD/JPY,107.82
2024-09-15,USD/JPY,142.27
2024-09-15,EUR/JPY,162.82
2024-09-15,GBP/JPY,183.81
2024-09-15,AUD/JPY,98.08
2024-09-15,SGD/JPY,109.35
2024-09-16,USD/JPY,149.17
2024-09-16,EUR/JPY,158.54
2024-09-16,GBP/JPY,185.61
2024-09-16,AUD/JPY,96.63
2024-09-16,SGD/JPY,108.84
2024-09-17,USD/JPY,143.37
2024-09-17,EUR/JPY,158.64
2024-09-17,GBP/JPY,185.29
2024-09-17,AUD/JPY,97.08
2024-09-17,SGD/JPY,108.03
2024-09-18,USD/JPY,143.95
2024-09-18,EUR/JPY,159.84
2024-09-18,GBP/JPY,184.21
2024-09-18,AUD/JPY,98.24
2024-09-18,SGD/JPY,106.4
2024-09-19,USD/JPY,143.65
2024-09-19,EUR/JPY,159.17
2024-09-19,GBP/JPY,185.6
2024-09-19,AUD/JPY,99.86
2024-09-19,SGD/JPY,109.12
2024-09-20,USD/JPY,144.54
2024-09-20,EUR/JPY,159.27
2024-09-20,GBP/JPY,181.27
2024-09-20,AUD/JPY,97.38
2024-09-20,SGD/JPY,107.4
2024-09-21,USD/JPY,142.56
2024-09-21,EUR/JPY,159.15
2024-09-21,GBP/JPY,186.94
2024-09-21,AUD/JPY,98.39
2024-09-21,SGD/JPY,107.94
2024-09-22,USD/JPY,143.29
2024-09-22,EUR/JPY,159.6
2024-09-22,GBP/JPY,186.52
2024-09-22,AUD/JPY,99.69
2024-09-22,SGD/JPY,108.44
2024-09-23,USD/JPY,142.79
2024-09-23,EUR/JPY,160.54
2024-09-23,GBP/JPY,184.69
2024-09-23,AUD/JPY,98.91
2024-09-23,SGD/JPY,104.72
2024-09-24,USD/JPY,145.8
2024-09-24,EUR/JPY,160.25
2024-09-24,GBP/JPY,186.87
2024-09-24,AUD/JPY,95.07
2024-09-24,SGD/JPY,106.46
2024-09-25,USD/JPY,143.69
2024-09-25,EUR/JPY,160.2
2024-09-25,GBP/JPY,185.02
2024-09-25,AUD/JPY,98.58
2024-09-25,SGD/JPY,109.18
2024-09-26,USD/JPY,147.27
2024-09-26,EUR/JPY,158.24
2024-09-26,GBP/JPY,184.08
2024-09-26,AUD/JPY,98.01
2024-09-26,SGD/JPY,108.22
2024-09-27,USD/JPY,146.95
2024-09-27,EUR/JPY,160.7
2024-09-27,GBP/JPY,184.57
2024-09-27,AUD/JPY,98.13
2024-09-27,SGD/JPY,108.43
2024-09-28,USD/JPY,144.12
2024-09-28,EUR/JPY,162.74
2024-09-28,GBP/JPY,183.17
2024-09-28,AUD/JPY,96.91
2024-09-28,SGD/JPY,108.99
2024-09-29,USD/JPY,144.39
2024-09-29,EUR/JPY,156.94
2024-09-29,GBP/JPY,189.85
2024-09-29,AUD/JPY,98.24
2024-09-29,SGD/JPY,108.2
2024-09-30,USD/JPY,144.04
2024-09-30,EUR/JPY,160.75
2024-09-30,GBP/JPY,185.32
2024-09-30,AUD/JPY,98.64
2024-09-30,SGD/JPY,107.32
2024-10-01,USD/JPY,142.27
2024-10-01,EUR/JPY,163.24
2024-10-01,GBP/JPY,187.1
2024-10-01,AUD/JPY,99.58
2024-10-01,SGD/JPY,105.97
2024-10-02,USD/JPY,145.5
2024-10-02,EUR/JPY,158.77
2024-10-02,GBP/JPY,182.84
2024-10-02,AUD/JPY,98.3
2024-10-02,SGD/JPY,108.64
2024-10-03,USD/JPY,144.21
2024-10-03,EUR/JPY,158.21
2024-10-03,GBP/JPY,183.73
2024-10-03,AUD/JPY,98.68
2024-10-03,SGD/JPY,108.29
2024-10-04,USD/JPY,147.29
2024-10-04,EUR/JPY,160.02
2024-10-04,GBP/JPY,187.56
2024-10-04,AUD/JPY,97.76
2024-10-04,SGD/JPY,108.01
2024-10-05,USD/JPY,144.52
2024-10-05,EUR/JPY,160.16
2024-10-05,GBP/JPY,185.4
2024-10-05,AUD/JPY,96.08
2024-10-05,SGD/JPY,108.43
2024-10-06,USD/JPY,142.76
2024-10-06,EUR/JPY,158.43
2024-10-06,GBP/JPY,181.81
2024-10-06,AUD/JPY,98.1
2024-10-06,SGD/JPY,106.69
2024-10-07,USD/JPY,146.84
2024-10-07,EUR/JPY,161.33
2024-10-07,GBP/JPY,184.54
2024-10-07,AUD/JPY,99.52
2024-10-07,SGD/JPY,107.49
2024-10-08,USD/JPY,146.25
2024-10-08,EUR/JPY,160.04
2024-10-08,GBP/JPY,183.85
2024-10-08,AUD/JPY,96.61
2024-10-08,SGD/JPY,106.91
2024-10-09,USD/JPY,143.57
2024-10-09,EUR/JPY,161.15
2024-10-09,GBP/JPY,187.75
2024-10-09,AUD/JPY,94.97
2024-10-09,SGD/JPY,105.62
2024-10-10,USD/JPY,145.2
2024-10-10,EUR/JPY,159.32
2024-10-10,GBP/JPY,186.7
2024-10-10,AUD/JPY,97.48
2024-10-10,SGD/JPY,107.98
2024-10-11,USD/JPY,140.72
2024-10-11,EUR/JPY,159.12
2024-10-11,GBP/JPY,183.89
2024-10-11,AUD/JPY,96.7
2024-10-11,SGD/JPY,109.68
2024-10-12,USD/JPY,146.23
2024-10-12,EUR/JPY,163.1
2024-10-12,GBP/JPY,185.98
2024-10-12,AUD/JPY,97.96
2024-10-12,SGD/JPY,108.94
2024-10-13,USD/JPY,147.16
2024-10-13,EUR/JPY,159.32
2024-10-13,GBP/JPY,186.55
2024-10-13,AUD/JPY,99.34
2024-10-13,SGD/JPY,106.54
2024-10-14,USD/JPY,142.87
2024-10-14,EUR/JPY,156.7
2024-10-14,GBP/JPY,185.33
2024-10-14,AUD/JPY,97.62
2024-10-14,SGD/JPY,107.84
2024-10-15,USD/JPY,146.39
2024-10-15,EUR/JPY,158.85
2024-10-15,GBP/JPY,187.0
2024-10-15,AUD/JPY,96.65
2024-10-15,SGD/JPY,106.87
2024-10-16,USD/JPY,145.94
2024-10-16,EUR/JPY,159.65
2024-10-16,GBP/JPY,183.23
2024-10-16,AUD/JPY,97.96
2024-10-16,SGD/JPY,109.27
2024-10-17,USD/JPY,146.05
2024-10-17,EUR/JPY,158.99
2024-10-17,GBP/JPY,182.49
2024-10-17,AUD/JPY,97.45
2024-10-17,SGD/JPY,107.76
2024-10-18,USD/JPY,144.4
2024-10-18,EUR/JPY,158.51
2024-10-18,GBP/JPY,182.14
2024-10-18,AUD/JPY,97.41
2024-10-18,SGD/JPY,108.2
2024-10-19,USD/JPY,143.4
2024-10-19,EUR/JPY,161.63
2024-10-19,GBP/JPY,187.96
2024-10-19,AUD/JPY,98.79
2024-10-19,SGD/JPY,109.31
2024-10-20,USD/JPY,143.58
2024-10-20,EUR/JPY,158.42
2024-10-20,GBP/JPY,184.68
2024-10-20,AUD/JPY,99.79
2024-10-20,SGD/JPY,106.84
2024-10-21,USD/JPY,145.53
2024-10-21,EUR/JPY,159.33
2024-10-21,GBP/JPY,187.81
2024-10-21,AUD/JPY,98.57
2024-10-21,SGD/JPY,108.51
2024-10-22,USD/JPY,143.67
2024-10-22,EUR/JPY,158.02
2024-10-22,GBP/JPY,183.8
2024-10-22,AUD/JPY,97.86
2024-10-22,SGD/JPY,107.38
2024-10-23,USD/JPY,143.25
2024-10-23,EUR/JPY,164.57
2024-10-23,GBP/JPY,186.39
2024-10-23,AUD/JPY,99.39
2024-10-23,SGD/JPY,107.02
2024-10-24,USD/JPY,147.6
2024-10-24,EUR/JPY,161.67
2024-10-24,GBP/JPY,186.72
2024-10-24,AUD/JPY,97.49
2024-10-24,SGD/JPY,107.43
2024-10-25,USD/JPY,143.4
2024-10-25,EUR/JPY,159.28
2024-10-25,GBP/JPY,186.41
2024-10-25,AUD/JPY,97.02
2024-10-25,SGD/JPY,109.43
2024-10-26,USD/JPY,145.18
2024-10-26,EUR/JPY,159.72
2024-10-26,GBP/JPY,184.54
2024-10-26,AUD/JPY,97.06
2024-10-26,SGD/JPY,107.77
2024-10-27,USD/JPY,145.74
2024-10-27,EUR/JPY,161.37
2024-10-27,GBP/JPY,190.86
2024-10-27,AUD/JPY,97.64
2024-10-27,SGD/JPY,109.59
2024-10-28,USD/JPY,145.82
2024-10-28,EUR/JPY,157.91
2024-10-28,GBP/JPY,180.64
2024-10-28,AUD/JPY,96.12
2024-10-28,SGD/JPY,105.78
2024-10-29,USD/JPY,145.87
2024-10-29,EUR/JPY,156.39
2024-10-29,GBP/JPY,184.08
2024-10-29,AUD/JPY,98.98
2024-10-29,SGD/JPY,106.54
2024-10-30,USD/JPY,145.09
2024-10-30,EUR/JPY,157.63
2024-10-30,GBP/JPY,187.17
2024-10-30,AUD/JPY,97.91
2024-10-30,SGD/JPY,108.7
2024-10-31,USD/JPY,142.68
2024-10-31,EUR/JPY,159.29
2024-10-31,GBP/JPY,184.92
2024-10-31,AUD/JPY,98.13
2024-10-31,SGD/JPY,109.13
2024-11-01,USD/JPY,144.14
2024-11-01,EUR/JPY,160.82
2024-11-01,GBP/JPY,184.92
2024-11-01,AUD/JPY,98.38
2024-11-01,SGD/JPY,109.66
2024-11-02,USD/JPY,145.36
2024-11-02,EUR/JPY,155.16
2024-11-02,GBP/JPY,185.73
2024-11-02,AUD/JPY,98.61
2024-11-02,SGD/JPY,107.95
2024-11-03,USD/JPY,149.69
2024-11-03,EUR/JPY,163.06
2024-11-03,GBP/JPY,189.06
2024-11-03,AUD/JPY,97.34
2024-11-03,SGD/JPY,106.76
2024-11-04,USD/JPY,143.54
2024-11-04,EUR/JPY,159.16
2024-11-04,GBP/JPY,183.5
2024-11-04,AUD/JPY,100.3
2024-11-04,SGD/JPY,108.43
2024-11-05,USD/JPY,146.42
2024-11-05,EUR/JPY,162.61
2024-11-05,GBP/JPY,185.33
2024-11-05,AUD/JPY,96.67
2024-11-05,SGD/JPY,109.3
2024-11-06,USD/JPY,145.6
2024-11-06,EUR/JPY,161.71
2024-11-06,GBP/JPY,182.83
2024-11-06,AUD/JPY,99.5
2024-11-06,SGD/JPY,108.51
2024-11-07,USD/JPY,145.98
2024-11-07,EUR/JPY,162.69
2024-11-07,GBP/JPY,189.73
2024-11-07,AUD/JPY,99.67
2024-11-07,SGD/JPY,109.38
2024-11-08,USD/JPY,147.38
2024-11-08,EUR/JPY,158.66
2024-11-08,GBP/JPY,187.71
2024-11-08,AUD/JPY,98.67
2024-11-08,SGD/JPY,108.73
2024-11-09,USD/JPY,144.74
2024-11-09,EUR/JPY,159.41
2024-11-09,GBP/JPY,183.07
2024-11-09,AUD/JPY,99.05
2024-11-09,SGD/JPY,107.71
2024-11-10,USD/JPY,144.48
2024-11-10,EUR/JPY,160.17
2024-11-10,GBP/JPY,182.09
2024-11-10,AUD/JPY,95.57
2024-11-10,SGD/JPY,109.03
2024-11-11,USD/JPY,144.48
2024-11-11,EUR/JPY,159.03
2024-11-11,GBP/JPY,184.25
2024-11-11,AUD/JPY,97.0
2024-11-11,SGD/JPY,110.93
2024-11-12,USD/JPY,147.19
2024-11-12,EUR/JPY,159.64
2024-11-12,GBP/JPY,188.65
2024-11-12,AUD/JPY,98.21
2024-11-12,SGD/JPY,107.24
2024-11-13,USD/JPY,144.28
2024-11-13,EUR/JPY,158.57
2024-11-13,GBP/JPY,187.09
2024-11-13,AUD/JPY,98.69
2024-11-13,SGD/JPY,108.71
2024-11-14,USD/JPY,144.41
2024-11-14,EUR/JPY,158.91
2024-11-14,GBP/JPY,185.16
2024-11-14,AUD/JPY,101.81
2024-11-14,SGD/JPY,109.0
2024-11-15,USD/JPY,146.47
2024-11-15,EUR/JPY,162.83
2024-11-15,GBP/JPY,186.69
2024-11-15,AUD/JPY,98.1
2024-11-15,SGD/JPY,108.47
2024-11-16,USD/JPY,148.17
2024-11-16,EUR/JPY,158.29
2024-11-16,GBP/JPY,186.4
2024-11-16,AUD/JPY,99.01
2024-11-16,SGD/JPY,106.89
2024-11-17,USD/JPY,146.24
2024-11-17,EUR/JPY,160.97
2024-11-17,GBP/JPY,178.21
2024-11-17,AUD/JPY,97.95
2024-11-17,SGD/JPY,107.47
2024-11-18,USD/JPY,144.56
2024-11-18,EUR/JPY,158.59
2024-11-18,GBP/JPY,187.64
2024-11-18,AUD/JPY,98.99
2024-11-18,SGD/JPY,107.29
2024-11-19,USD/JPY,147.34
2024-11-19,EUR/JPY,159.47
2024-11-19,GBP/JPY,181.86
2024-11-19,AUD/JPY,96.58
2024-11-19,SGD/JPY,109.29
2024-11-20,USD/JPY,145.67
2024-11-20,EUR/JPY,160.38
2024-11-20,GBP/JPY,185.57
2024-11-20,AUD/JPY,97.67
2024-11-20,SGD/JPY,107.41
2024-11-21,USD/JPY,145.66
2024-11-21,EUR/JPY,160.11
2024-11-21,GBP/JPY,183.53
2024-11-21,AUD/JPY,98.86
2024-11-21,SGD/JPY,107.73
2024-11-22,USD/JPY,146.41
2024-11-22,EUR/JPY,159.67
2024-11-22,GBP/JPY,184.92
2024-11-22,AUD/JPY,98.78
2024-11-22,SGD/JPY,107.82
2024-11-23,USD/JPY,145.63
2024-11-23,EUR/JPY,160.44
2024-11-23,GBP/JPY,187.17
2024-11-23,AUD/JPY,98.85
2024-11-23,SGD/JPY,107.13
2024-11-24,USD/JPY,147.03
2024-11-24,EUR/JPY,161.33
2024-11-24,GBP/JPY,185.36
2024-11-24,AUD/JPY,97.54
2024-11-24,SGD/JPY,107.23
2024-11-25,USD/JPY,144.76
2024-11-25,EUR/JPY,159.29
2024-11-25,GBP/JPY,184.38
2024-11-25,AUD/JPY,98.06
2024-11-25,SGD/JPY,108.36
2024-11-26,USD/JPY,145.12
2024-11-26,EUR/JPY,161.41
2024-11-26,GBP/JPY,186.49
2024-11-26,AUD/JPY,97.52
2024-11-26,SGD/JPY,106.67
2024-11-27,USD/JPY,143.11
2024-11-27,EUR/JPY,159.66
2024-11-27,GBP/JPY,185.42
2024-11-27,AUD/JPY,96.68
2024-11-27,SGD/JPY,107.83
2024-11-28,USD/JPY,143.04
2024-11-28,EUR/JPY,160.49
2024-11-28,GBP/JPY,181.14
2024-11-28,AUD/JPY,96.79
2024-11-28,SGD/JPY,107.5
2024-11-29,USD/JPY,144.54
2024-11-29,EUR/JPY,160.67
2024-11-29,GBP/JPY,190.92
2024-11-29,AUD/JPY,99.43
2024-11-29,SGD/JPY,105.83
2024-11-30,USD/JPY,144.93
2024-11-30,EUR/JPY,161.64
2024-11-30,GBP/JPY,183.37
2024-11-30,AUD/JPY,98.3
2024-11-30,SGD/JPY,109.88
2024-12-01,USD/JPY,143.78
2024-12-01,EUR/JPY,160.07
2024-12-01,GBP/JPY,188.57
2024-12-01,AUD/JPY,96.76
2024-12-01,SGD/JPY,108.94
2024-12-02,USD/JPY,144.63
2024-12-02,EUR/JPY,160.34
2024-12-02,GBP/JPY,185.63
2024-12-02,AUD/JPY,98.75
2024-12-02,SGD/JPY,107.88
2024-12-03,USD/JPY,146.33
2024-12-03,EUR/JPY,157.03
2024-12-03,GBP/JPY,186.8
2024-12-03,AUD/JPY,99.03
2024-12-03,SGD/JPY,107.53
2024-12-04,USD/JPY,147.1
2024-12-04,EUR/JPY,160.94
2024-12-04,GBP/JPY,186.19
2024-12-04,AUD/JPY,98.09
2024-12-04,SGD/JPY,106.9
2024-12-05,USD/JPY,145.46
2024-12-05,EUR/JPY,159.75
2024-12-05,GBP/JPY,183.57
2024-12-05,AUD/JPY,97.44
2024-12-05,SGD/JPY,105.77
2024-12-06,USD/JPY,143.32
2024-12-06,EUR/JPY,159.45
2024-12-06,GBP/JPY,187.33
2024-12-06,AUD/JPY,95.78
2024-12-06,SGD/JPY,107.88
2024-12-07,USD/JPY,145.78
2024-12-07,EUR/JPY,159.49
2024-12-07,GBP/JPY,184.33
2024-12-07,AUD/JPY,98.8
2024-12-07,SGD/JPY,110.44
2024-12-08,USD/JPY,144.22
2024-12-08,EUR/JPY,161.91
2024-12-08,GBP/JPY,181.9
2024-12-08,AUD/JPY,97.22
2024-12-08,SGD/JPY,109.16
2024-12-09,USD/JPY,147.12
2024-12-09,EUR/JPY,158.64
2024-12-09,GBP/JPY,186.11
2024-12-09,AUD/JPY,98.66
2024-12-09,SGD/JPY,106.08
2024-12-10,USD/JPY,147.26
2024-12-10,EUR/JPY,163.48
2024-12-10,GBP/JPY,180.05
2024-12-10,AUD/JPY,97.21
2024-12-10,SGD/JPY,106.59
2024-12-11,USD/JPY,146.94
2024-12-11,EUR/JPY,162.24
2024-12-11,GBP/JPY,181.44
2024-12-11,AUD/JPY,98.29
2024-12-11,SGD/JPY,109.01
2024-12-12,USD/JPY,145.59
2024-12-12,EUR/JPY,161.61
2024-12-12,GBP/JPY,185.31
2024-12-12,AUD/JPY,97.49
2024-12-12,SGD/JPY,109.58
2024-12-13,USD/JPY,143.57
2024-12-13,EUR/JPY,163.81
2024-12-13,GBP/JPY,184.93
2024-12-13,AUD/JPY,98.77
2024-12-13,SGD/JPY,108.61
2024-12-14,USD/JPY,144.46
2024-12-14,EUR/JPY,162.24
2024-12-14,GBP/JPY,183.78
2024-12-14,AUD/JPY,96.59
2024-12-14,SGD/JPY,106.48
2024-12-15,USD/JPY,144.67
2024-12-15,EUR/JPY,164.23
2024-12-15,GBP/JPY,186.4
2024-12-15,AUD/JPY,97.26
2024-12-15,SGD/JPY,110.23
2024-12-16,USD/JPY,143.48
2024-12-16,EUR/JPY,156.54
2024-12-16,GBP/JPY,185.37
2024-12-16,AUD/JPY,97.42
2024-12-16,SGD/JPY,110.69
2024-12-17,USD/JPY,144.38
2024-12-17,EUR/JPY,159.11
2024-12-17,GBP/JPY,184.18
2024-12-17,AUD/JPY,96.55
2024-12-17,SGD/JPY,107.0
2024-12-18,USD/JPY,141.14
2024-12-18,EUR/JPY,160.98
2024-12-18,GBP/JPY,185.95
2024-12-18,AUD/JPY,99.57
2024-12-18,SGD/JPY,109.87
2024-12-19,USD/JPY,146.49
2024-12-19,EUR/JPY,160.31
2024-12-19,GBP/JPY,184.97
2024-12-19,AUD/JPY,98.66
2024-12-19,SGD/JPY,107.73
2024-12-20,USD/JPY,145.11
2024-12-20,EUR/JPY,158.5
2024-12-20,GBP/JPY,189.9
2024-12-20,AUD/JPY,97.39
2024-12-20,SGD/JPY,108.46
2024-12-21,USD/JPY,145.92
2024-12-21,EUR/JPY,158.81
2024-12-21,GBP/JPY,184.85
2024-12-21,AUD/JPY,97.52
2024-12-21,SGD/JPY,106.78
2024-12-22,USD/JPY,145.21
2024-12-22,EUR/JPY,158.64
2024-12-22,GBP/JPY,184.83
2024-12-22,AUD/JPY,97.69
2024-12-22,SGD/JPY,108.3
2024-12-23,USD/JPY,145.74
2024-12-23,EUR/JPY,160.59
2024-12-23,GBP/JPY,182.86
2024-12-23,AUD/JPY,98.91
2024-12-23,SGD/JPY,107.2
2024-12-24,USD/JPY,145.23
2024-12-24,EUR/JPY,162.72
2024-12-24,GBP/JPY,182.92
2024-12-24,AUD/JPY,95.76
2024-12-24,SGD/JPY,107.59
2024-12-25,USD/JPY,146.53
2024-12-25,EUR/JPY,161.27
2024-12-25,GBP/JPY,185.19
2024-12-25,AUD/JPY,99.26
2024-12-25,SGD/JPY,106.96
2024-12-26,USD/JPY,143.77
2024-12-26,EUR/JPY,162.09
2024-12-26,GBP/JPY,187.68
2024-12-26,AUD/JPY,96.85
2024-12-26,SGD/JPY,108.56
2024-12-27,USD/JPY,146.22
2024-12-27,EUR/JPY,161.14
2024-12-27,GBP/JPY,185.11
2024-12-27,AUD/JPY,98.68
2024-12-27,SGD/JPY,107.86
2024-12-28,USD/JPY,144.37
2024-12-28,EUR/JPY,159.13
2024-12-28,GBP/JPY,184.5
2024-12-28,AUD/JPY,97.16
2024-12-28,SGD/JPY,106.4
2024-12-29,USD/JPY,144.32
2024-12-29,EUR/JPY,162.14
2024-12-29,GBP/JPY,186.67
2024-12-29,AUD/JPY,99.33
2024-12-29,SGD/JPY,109.09
2024-12-30,USD/JPY,148.06
2024-12-30,EUR/JPY,160.97
2024-12-30,GBP/JPY,182.63
2024-12-30,AUD/JPY,97.98
2024-12-30,SGD/JPY,113.2
2024-12-31,USD/JPY,145.39
2024-12-31,EUR/JPY,160.2
2024-12-31,GBP/JPY,179.75
2024-12-31,AUD/JPY,97.07
2024-12-31,SGD/JPY,109.74
2025-01-01,USD/JPY,145.66
2025-01-01,EUR/JPY,157.45
2025-01-01,GBP/JPY,179.6
2025-01-01,AUD/JPY,98.35
2025-01-01,SGD/JPY,105.71
2025-01-02,USD/JPY,144.8
2025-01-02,EUR/JPY,159.65
2025-01-02,GBP/JPY,181.9
2025-01-02,AUD/JPY,98.52
2025-01-02,SGD/JPY,109.62
2025-01-03,USD/JPY,147.14
2025-01-03,EUR/JPY,161.11
2025-01-03,GBP/JPY,179.88
2025-01-03,AUD/JPY,98.99
2025-01-03,SGD/JPY,109.01
2025-01-04,USD/JPY,144.48
2025-01-04,EUR/JPY,160.21
2025-01-04,GBP/JPY,184.53
2025-01-04,AUD/JPY,101.11
2025-01-04,SGD/JPY,108.54
2025-01-05,USD/JPY,143.29
2025-01-05,EUR/JPY,159.6
2025-01-05,GBP/JPY,184.83
2025-01-05,AUD/JPY,98.82
2025-01-05,SGD/JPY,108.4
2025-01-06,USD/JPY,146.31
2025-01-06,EUR/JPY,161.82
2025-01-06,GBP/JPY,184.81
2025-01-06,AUD/JPY,99.13
2025-01-06,SGD/JPY,108.57
2025-01-07,USD/JPY,146.67
2025-01-07,EUR/JPY,156.8
2025-01-07,GBP/JPY,186.49
2025-01-07,AUD/JPY,99.83
2025-01-07,SGD/JPY,108.98
2025-01-08,USD/JPY,145.97
2025-01-08,EUR/JPY,156.88
2025-01-08,GBP/JPY,185.36
2025-01-08,AUD/JPY,99.11
2025-01-08,SGD/JPY,106.24
2025-01-09,USD/JPY,142.64
2025-01-09,EUR/JPY,157.35
2025-01-09,GBP/JPY,184.98
2025-01-09,AUD/JPY,99.6
2025-01-09,SGD/JPY,107.65
2025-01-10,USD/JPY,145.42
2025-01-10,EUR/JPY,159.79
2025-01-10,GBP/JPY,186.79
2025-01-10,AUD/JPY,97.19
2025-01-10,SGD/JPY,107.44
2025-01-11,USD/JPY,146.82
2025-01-11,EUR/JPY,159.35
2025-01-11,GBP/JPY,180.76
2025-01-11,AUD/JPY,98.65
2025-01-11,SGD/JPY,109.34
2025-01-12,USD/JPY,143.9
2025-01-12,EUR/JPY,162.2
2025-01-12,GBP/JPY,185.12
2025-01-12,AUD/JPY,96.29
2025-01-12,SGD/JPY,108.61
2025-01-13,USD/JPY,146.93
2025-01-13,EUR/JPY,160.35
2025-01-13,GBP/JPY,185.15
2025-01-13,AUD/JPY,99.98
2025-01-13,SGD/JPY,107.74
2025-01-14,USD/JPY,146.04
2025-01-14,EUR/JPY,159.01
2025-01-14,GBP/JPY,182.77
2025-01-14,AUD/JPY,97.19
2025-01-14,SGD/JPY,108.45
2025-01-15,USD/JPY,141.79
2025-01-15,EUR/JPY,156.74
2025-01-15,GBP/JPY,184.44
2025-01-15,AUD/JPY,95.33
2025-01-15,SGD/JPY,107.39
2025-01-16,USD/JPY,148.92
2025-01-16,EUR/JPY,163.77
2025-01-16,GBP/JPY,187.72
2025-01-16,AUD/JPY,96.7
2025-01-16,SGD/JPY,108.16
2025-01-17,USD/JPY,144.96
2025-01-17,EUR/JPY,163.05
2025-01-17,GBP/JPY,182.26
2025-01-17,AUD/JPY,97.51
2025-01-17,SGD/JPY,106.71
2025-01-18,USD/JPY,145.74
2025-01-18,EUR/JPY,161.68
2025-01-18,GBP/JPY,190.39
2025-01-18,AUD/JPY,96.05
2025-01-18,SGD/JPY,107.45
2025-01-19,USD/JPY,144.46
2025-01-19,EUR/JPY,160.2
2025-01-19,GBP/JPY,183.26
2025-01-19,AUD/JPY,95.83
2025-01-19,SGD/JPY,109.86
2025-01-20,USD/JPY,140.9
2025-01-20,EUR/JPY,161.63
2025-01-20,GBP/JPY,185.11
2025-01-20,AUD/JPY,97.57
2025-01-20,SGD/JPY,105.99
2025-01-21,USD/JPY,144.12
2025-01-21,EUR/JPY,159.62
2025-01-21,GBP/JPY,182.84
2025-01-21,AUD/JPY,96.35
2025-01-21,SGD/JPY,108.37
2025-01-22,USD/JPY,144.31
2025-01-22,EUR/JPY,164.01
2025-01-22,GBP/JPY,183.46
2025-01-22,AUD/JPY,98.84
2025-01-22,SGD/JPY,107.71
2025-01-23,USD/JPY,145.01
2025-01-23,EUR/JPY,164.47
2025-01-23,GBP/JPY,187.6
2025-01-23,AUD/JPY,97.84
2025-01-23,SGD/JPY,110.58
2025-01-24,USD/JPY,143.47
2025-01-24,EUR/JPY,161.53
2025-01-24,GBP/JPY,184.72
2025-01-24,AUD/JPY,99.12
2025-01-24,SGD/JPY,109.58
2025-01-25,USD/JPY,144.56
2025-01-25,EUR/JPY,160.97
2025-01-25,GBP/JPY,184.69
2025-01-25,AUD/JPY,97.21
2025-01-25,SGD/JPY,107.97
2025-01-26,USD/JPY,145.77
2025-01-26,EUR/JPY,161.76
2025-01-26,GBP/JPY,188.72
2025-01-26,AUD/JPY,96.08
2025-01-26,SGD/JPY,106.73
2025-01-27,USD/JPY,142.41
2025-01-27,EUR/JPY,161.15
2025-01-27,GBP/JPY,185.14
2025-01-27,AUD/JPY,97.25
2025-01-27,SGD/JPY,109.36
2025-01-28,USD/JPY,144.57
2025-01-28,EUR/JPY,162.08
2025-01-28,GBP/JPY,184.72
2025-01-28,AUD/JPY,98.85
2025-01-28,SGD/JPY,110.78
2025-01-29,USD/JPY,145.3
2025-01-29,EUR/JPY,157.63
2025-01-29,GBP/JPY,184.1
2025-01-29,AUD/JPY,98.21
2025-01-29,SGD/JPY,107.72
2025-01-30,USD/JPY,147.93
2025-01-30,EUR/JPY,157.27
2025-01-30,GBP/JPY,186.7
2025-01-30,AUD/JPY,95.72
2025-01-30,SGD/JPY,104.69
2025-01-31,USD/JPY,142.21
2025-01-31,EUR/JPY,158.47
2025-01-31,GBP/JPY,187.33
2025-01-31,AUD/JPY,99.1
2025-01-31,SGD/JPY,109.43
2025-02-01,USD/JPY,144.56
2025-02-01,EUR/JPY,161.68
2025-02-01,GBP/JPY,183.55
2025-02-01,AUD/JPY,95.76
2025-02-01,SGD/JPY,110.35
2025-02-02,USD/JPY,147.66
2025-02-02,EUR/JPY,158.03
2025-02-02,GBP/JPY,187.68
2025-02-02,AUD/JPY,96.8
2025-02-02,SGD/JPY,108.43
2025-02-03,USD/JPY,146.51
2025-02-03,EUR/JPY,160.97
2025-02-03,GBP/JPY,184.51
2025-02-03,AUD/JPY,96.63
2025-02-03,SGD/JPY,107.13
2025-02-04,USD/JPY,146.41
2025-02-04,EUR/JPY,156.33
2025-02-04,GBP/JPY,186.83
2025-02-04,AUD/JPY,98.74
2025-02-04,SGD/JPY,108.45
2025-02-05,USD/JPY,142.88
2025-02-05,EUR/JPY,159.6
2025-02-05,GBP/JPY,185.39
2025-02-05,AUD/JPY,99.5
2025-02-05,SGD/JPY,107.15
2025-02-06,USD/JPY,146.93
2025-02-06,EUR/JPY,160.07
2025-02-06,GBP/JPY,183.52
2025-02-06,AUD/JPY,97.78
2025-02-06,SGD/JPY,110.3
2025-02-07,USD/JPY,146.97
2025-02-07,EUR/JPY,160.46
2025-02-07,GBP/JPY,186.51
2025-02-07,AUD/JPY,98.31
2025-02-07,SGD/JPY,106.16
2025-02-08,USD/JPY,144.77
2025-02-08,EUR/JPY,160.29
2025-02-08,GBP/JPY,187.52
2025-02-08,AUD/JPY,97.59
2025-02-08,SGD/JPY,107.19
2025-02-09,USD/JPY,146.81
2025-02-09,EUR/JPY,161.22
2025-02-09,GBP/JPY,184.41
2025-02-09,AUD/JPY,99.03
2025-02-09,SGD/JPY,107.5
2025-02-10,USD/JPY,141.5
2025-02-10,EUR/JPY,162.11
2025-02-10,GBP/JPY,182.38
2025-02-10,AUD/JPY,98.97
2025-02-10,SGD/JPY,105.53
2025-02-11,USD/JPY,145.86
2025-02-11,EUR/JPY,164.36
2025-02-11,GBP/JPY,185.61
2025-02-11,AUD/JPY,97.82
2025-02-11,SGD/JPY,109.17
2025-02-12,USD/JPY,144.47
2025-02-12,EUR/JPY,162.03
2025-02-12,GBP/JPY,190.3
2025-02-12,AUD/JPY,97.6
2025-02-12,SGD/JPY,104.49
2025-02-13,USD/JPY,143.84
2025-02-13,EUR/JPY,163.16
2025-02-13,GBP/JPY,183.31
2025-02-13,AUD/JPY,97.34
2025-02-13,SGD/JPY,106.13
2025-02-14,USD/JPY,145.59
2025-02-14,EUR/JPY,163.01
2025-02-14,GBP/JPY,184.8
2025-02-14,AUD/JPY,95.41
2025-02-14,SGD/JPY,109.55
2025-02-15,USD/JPY,143.15
2025-02-15,EUR/JPY,155.1
2025-02-15,GBP/JPY,187.23
2025-02-15,AUD/JPY,99.55
2025-02-15,SGD/JPY,108.6
2025-02-16,USD/JPY,144.06
2025-02-16,EUR/JPY,156.87
2025-02-16,GBP/JPY,183.79
2025-02-16,AUD/JPY,96.18
2025-02-16,SGD/JPY,108.58
2025-02-17,USD/JPY,144.03
2025-02-17,EUR/JPY,158.54
2025-02-17,GBP/JPY,179.51
2025-02-17,AUD/JPY,97.09
2025-02-17,SGD/JPY,106.83
2025-02-18,USD/JPY,145.64
2025-02-18,EUR/JPY,159.19
2025-02-18,GBP/JPY,181.22
2025-02-18,AUD/JPY,100.0
2025-02-18,SGD/JPY,109.48
2025-02-19,USD/JPY,145.93
2025-02-19,EUR/JPY,159.65
2025-02-19,GBP/JPY,183.76
2025-02-19,AUD/JPY,100.41
2025-02-19,SGD/JPY,108.34
2025-02-20,USD/JPY,147.03
2025-02-20,EUR/JPY,159.51
2025-02-20,GBP/JPY,186.85
2025-02-20,AUD/JPY,97.08
2025-02-20,SGD/JPY,108.24
2025-02-21,USD/JPY,144.92
2025-02-21,EUR/JPY,158.77
2025-02-21,GBP/JPY,186.41
2025-02-21,AUD/JPY,99.0
2025-02-21,SGD/JPY,102.93
2025-02-22,USD/JPY,142.81
2025-02-22,EUR/JPY,158.33
2025-02-22,GBP/JPY,185.84
2025-02-22,AUD/JPY,99.07
2025-02-22,SGD/JPY,106.84
2025-02-23,USD/JPY,144.74
2025-02-23,EUR/JPY,159.93
2025-02-23,GBP/JPY,184.22
2025-02-23,AUD/JPY,97.46
2025-02-23,SGD/JPY,109.93
2025-02-24,USD/JPY,141.82
2025-02-24,EUR/JPY,158.48
2025-02-24,GBP/JPY,184.31
2025-02-24,AUD/JPY,97.17
2025-02-24,SGD/JPY,109.45
2025-02-25,USD/JPY,142.49
2025-02-25,EUR/JPY,162.15
2025-02-25,GBP/JPY,183.49
2025-02-25,AUD/JPY,101.2
2025-02-25,SGD/JPY,106.38
2025-02-26,USD/JPY,143.89
2025-02-26,EUR/JPY,160.58
2025-02-26,GBP/JPY,183.71
2025-02-26,AUD/JPY,97.18
2025-02-26,SGD/JPY,108.23
2025-02-27,USD/JPY,145.14
2025-02-27,EUR/JPY,162.11
2025-02-27,GBP/JPY,181.64
2025-02-27,AUD/JPY,98.74
2025-02-27,SGD/JPY,107.43
2025-02-28,USD/JPY,144.34
2025-02-28,EUR/JPY,160.16
2025-02-28,GBP/JPY,184.51
2025-02-28,AUD/JPY,100.55
2025-02-28,SGD/JPY,105.78
2025-03-01,USD/JPY,146.45
2025-03-01,EUR/JPY,160.07
2025-03-01,GBP/JPY,187.71
2025-03-01,AUD/JPY,96.39
2025-03-01,SGD/JPY,107.57
2025-03-02,USD/JPY,144.68
2025-03-02,EUR/JPY,160.35
2025-03-02,GBP/JPY,184.92
2025-03-02,AUD/JPY,97.15
2025-03-02,SGD/JPY,108.68
2025-03-03,USD/JPY,144.44
2025-03-03,EUR/JPY,162.22
2025-03-03,GBP/JPY,189.87
2025-03-03,AUD/JPY,98.88
2025-03-03,SGD/JPY,107.26
2025-03-04,USD/JPY,144.21
2025-03-04,EUR/JPY,160.84
2025-03-04,GBP/JPY,186.18
2025-03-04,AUD/JPY,100.08
2025-03-04,SGD/JPY,109.01
2025-03-05,USD/JPY,144.95
2025-03-05,EUR/JPY,157.53
2025-03-05,GBP/JPY,185.96
2025-03-05,AUD/JPY,97.02
2025-03-05,SGD/JPY,107.99
2025-03-06,USD/JPY,142.36
2025-03-06,EUR/JPY,160.8
2025-03-06,GBP/JPY,185.39
2025-03-06,AUD/JPY,98.56
2025-03-06,SGD/JPY,108.69
2025-03-07,USD/JPY,143.64
2025-03-07,EUR/JPY,159.87
2025-03-07,GBP/JPY,183.45
2025-03-07,AUD/JPY,97.29
2025-03-07,SGD/JPY,106.0
2025-03-08,USD/JPY,146.71
2025-03-08,EUR/JPY,160.23
2025-03-08,GBP/JPY,180.6
2025-03-08,AUD/JPY,97.5
2025-03-08,SGD/JPY,106.52
2025-03-09,USD/JPY,145.96
2025-03-09,EUR/JPY,162.07
2025-03-09,GBP/JPY,184.9
2025-03-09,AUD/JPY,95.47
2025-03-09,SGD/JPY,107.28
2025-03-10,USD/JPY,144.28
2025-03-10,EUR/JPY,158.89
2025-03-10,GBP/JPY,187.99
2025-03-10,AUD/JPY,96.63
2025-03-10,SGD/JPY,107.22
2025-03-11,USD/JPY,144.7
2025-03-11,EUR/JPY,163.16
2025-03-11,GBP/JPY,184.72
2025-03-11,AUD/JPY,100.13
2025-03-11,SGD/JPY,107.1
2025-03-12,USD/JPY,146.42
2025-03-12,EUR/JPY,159.18
2025-03-12,GBP/JPY,183.18
2025-03-12,AUD/JPY,99.1
2025-03-12,SGD/JPY,106.38
2025-03-13,USD/JPY,143.31
2025-03-13,EUR/JPY,160.7
2025-03-13,GBP/JPY,183.76
2025-03-13,AUD/JPY,98.65
2025-03-13,SGD/JPY,109.15
2025-03-14,USD/JPY,145.56
2025-03-14,EUR/JPY,157.24
2025-03-14,GBP/JPY,187.97
2025-03-14,AUD/JPY,97.15
2025-03-14,SGD/JPY,112.03
2025-03-15,USD/JPY,146.25
2025-03-15,EUR/JPY,159.65
2025-03-15,GBP/JPY,188.13
2025-03-15,AUD/JPY,96.31
2025-03-15,SGD/JPY,107.16
2025-03-16,USD/JPY,146.06
2025-03-16,EUR/JPY,158.92
2025-03-16,GBP/JPY,184.92
2025-03-16,AUD/JPY,97.66
2025-03-16,SGD/JPY,108.59
2025-03-17,USD/JPY,146.75
2025-03-17,EUR/JPY,162.1
2025-03-17,GBP/JPY,185.86
2025-03-17,AUD/JPY,98.16
2025-03-17,SGD/JPY,106.95
2025-03-18,USD/JPY,147.56
2025-03-18,EUR/JPY,160.44
2025-03-18,GBP/JPY,180.08
2025-03-18,AUD/JPY,96.22
2025-03-18,SGD/JPY,109.36
2025-03-19,USD/JPY,146.6
2025-03-19,EUR/JPY,161.77
2025-03-19,GBP/JPY,186.47
2025-03-19,AUD/JPY,97.63
2025-03-19,SGD/JPY,104.82
2025-03-20,USD/JPY,144.71
2025-03-20,EUR/JPY,158.94
2025-03-20,GBP/JPY,186.74
2025-03-20,AUD/JPY,97.8
2025-03-20,SGD/JPY,108.76
2025-03-21,USD/JPY,146.8
2025-03-21,EUR/JPY,160.49
2025-03-21,GBP/JPY,188.42
2025-03-21,AUD/JPY,99.4
2025-03-21,SGD/JPY,111.57
2025-03-22,USD/JPY,147.53
2025-03-22,EUR/JPY,158.94
2025-03-22,GBP/JPY,181.82
2025-03-22,AUD/JPY,96.62
2025-03-22,SGD/JPY,105.53
2025-03-23,USD/JPY,144.09
2025-03-23,EUR/JPY,159.6
2025-03-23,GBP/JPY,181.82
2025-03-23,AUD/JPY,99.94
2025-03-23,SGD/JPY,108.28
2025-03-24,USD/JPY,144.35
2025-03-24,EUR/JPY,159.69
2025-03-24,GBP/JPY,181.29
2025-03-24,AUD/JPY,96.62
2025-03-24,SGD/JPY,106.04
2025-03-25,USD/JPY,147.01
2025-03-25,EUR/JPY,160.73
2025-03-25,GBP/JPY,185.42
2025-03-25,AUD/JPY,95.75
2025-03-25,SGD/JPY,107.04
2025-03-26,USD/JPY,147.02
2025-03-26,EUR/JPY,163.72
2025-03-26,GBP/JPY,184.34
2025-03-26,AUD/JPY,98.71
2025-03-26,SGD/JPY,106.7
2025-03-27,USD/JPY,146.39
2025-03-27,EUR/JPY,158.64
2025-03-27,GBP/JPY,185.48
2025-03-27,AUD/JPY,99.51
2025-03-27,SGD/JPY,108.25
2025-03-28,USD/JPY,146.72
2025-03-28,EUR/JPY,159.19
2025-03-28,GBP/JPY,186.98
2025-03-28,AUD/JPY,97.49
2025-03-28,SGD/JPY,105.58
2025-03-29,USD/JPY,147.93
2025-03-29,EUR/JPY,158.16
2025-03-29,GBP/JPY,180.85
2025-03-29,AUD/JPY,99.1
2025-03-29,SGD/JPY,107.97
2025-03-30,USD/JPY,145.49
2025-03-30,EUR/JPY,158.08
2025-03-30,GBP/JPY,183.26
2025-03-30,AUD/JPY,98.1
2025-03-30,SGD/JPY,109.36
2025-03-31,USD/JPY,142.53
2025-03-31,EUR/JPY,160.46
2025-03-31,GBP/JPY,187.46
2025-03-31,AUD/JPY,96.63
2025-03-31,SGD/JPY,109.31
2025-04-01,USD/JPY,149.16
2025-04-01,EUR/JPY,160.91
2025-04-01,GBP/JPY,189.21
2025-04-01,AUD/JPY,99.67
2025-04-01,SGD/JPY,108.98
2025-04-02,USD/JPY,144.5
2025-04-02,EUR/JPY,159.83
2025-04-02,GBP/JPY,186.27
2025-04-02,AUD/JPY,98.79
2025-04-02,SGD/JPY,106.03
2025-04-03,USD/JPY,145.53
2025-04-03,EUR/JPY,157.51
2025-04-03,GBP/JPY,181.0
2025-04-03,AUD/JPY,99.72
2025-04-03,SGD/JPY,107.28
2025-04-04,USD/JPY,148.46
2025-04-04,EUR/JPY,160.76
2025-04-04,GBP/JPY,185.4
2025-04-04,AUD/JPY,99.78
2025-04-04,SGD/JPY,107.18
2025-04-05,USD/JPY,145.47
2025-04-05,EUR/JPY,163.01
2025-04-05,GBP/JPY,183.53
2025-04-05,AUD/JPY,96.71
2025-04-05,SGD/JPY,106.91
2025-04-06,USD/JPY,144.69
2025-04-06,EUR/JPY,159.96
2025-04-06,GBP/JPY,187.91
2025-04-06,AUD/JPY,99.67
2025-04-06,SGD/JPY,107.17
2025-04-07,USD/JPY,145.61
2025-04-07,EUR/JPY,158.0
2025-04-07,GBP/JPY,185.66
2025-04-07,AUD/JPY,99.27
2025-04-07,SGD/JPY,106.88
2025-04-08,USD/JPY,140.95
2025-04-08,EUR/JPY,159.68
2025-04-08,GBP/JPY,184.93
2025-04-08,AUD/JPY,95.67
2025-04-08,SGD/JPY,108.07
2025-04-09,USD/JPY,144.54
2025-04-09,EUR/JPY,157.83
2025-04-09,GBP/JPY,185.3
2025-04-09,AUD/JPY,96.29
2025-04-09,SGD/JPY,105.06
2025-04-10,USD/JPY,148.02
2025-04-10,EUR/JPY,157.44
2025-04-10,GBP/JPY,190.06
2025-04-10,AUD/JPY,97.35
2025-04-10,SGD/JPY,107.38
2025-04-11,USD/JPY,145.1
2025-04-11,EUR/JPY,159.3
2025-04-11,GBP/JPY,186.04
2025-04-11,AUD/JPY,99.06
2025-04-11,SGD/JPY,108.7
2025-04-12,USD/JPY,142.45
2025-04-12,EUR/JPY,159.34
2025-04-12,GBP/JPY,182.09
2025-04-12,AUD/JPY,96.28
2025-04-12,SGD/JPY,110.82
2025-04-13,USD/JPY,142.88
2025-04-13,EUR/JPY,159.68
2025-04-13,GBP/JPY,184.78
2025-04-13,AUD/JPY,95.35
2025-04-13,SGD/JPY,106.79
2025-04-14,USD/JPY,147.82
2025-04-14,EUR/JPY,158.21
2025-04-14,GBP/JPY,184.95
2025-04-14,AUD/JPY,96.55
2025-04-14,SGD/JPY,109.33
2025-04-15,USD/JPY,146.39
2025-04-15,EUR/JPY,160.79
2025-04-15,GBP/JPY,187.99
2025-04-15,AUD/JPY,100.34
2025-04-15,SGD/JPY,107.19
2025-04-16,USD/JPY,146.29
2025-04-16,EUR/JPY,157.31
2025-04-16,GBP/JPY,189.48
2025-04-16,AUD/JPY,98.47
2025-04-16,SGD/JPY,108.17
2025-04-17,USD/JPY,148.59
2025-04-17,EUR/JPY,161.67
2025-04-17,GBP/JPY,184.81
2025-04-17,AUD/JPY,98.74
2025-04-17,SGD/JPY,108.57
2025-04-18,USD/JPY,143.07
2025-04-18,EUR/JPY,163.08
2025-04-18,GBP/JPY,187.34
2025-04-18,AUD/JPY,98.71
2025-04-18,SGD/JPY,105.17
2025-04-19,USD/JPY,146.61
2025-04-19,EUR/JPY,158.72
2025-04-19,GBP/JPY,187.76
2025-04-19,AUD/JPY,98.56
2025-04-19,SGD/JPY,106.33
2025-04-20,USD/JPY,143.38
2025-04-20,EUR/JPY,158.78
2025-04-20,GBP/JPY,187.94
2025-04-20,AUD/JPY,99.13
2025-04-20,SGD/JPY,107.75
2025-04-21,USD/JPY,144.43
2025-04-21,EUR/JPY,158.96
2025-04-21,GBP/JPY,186.35
2025-04-21,AUD/JPY,97.87
2025-04-21,SGD/JPY,106.58
2025-04-22,USD/JPY,144.73
2025-04-22,EUR/JPY,160.93
2025-04-22,GBP/JPY,188.04
2025-04-22,AUD/JPY,96.55
2025-04-22,SGD/JPY,107.66
2025-04-23,USD/JPY,143.11
2025-04-23,EUR/JPY,159.29
2025-04-23,GBP/JPY,189.91
2025-04-23,AUD/JPY,97.25
2025-04-23,SGD/JPY,106.35
2025-04-24,USD/JPY,144.49
2025-04-24,EUR/JPY,160.06
2025-04-24,GBP/JPY,183.59
2025-04-24,AUD/JPY,97.77
2025-04-24,SGD/JPY,107.01
2025-04-25,USD/JPY,144.04
2025-04-25,EUR/JPY,160.08
2025-04-25,GBP/JPY,184.26
2025-04-25,AUD/JPY,96.54
2025-04-25,SGD/JPY,109.28
2025-04-26,USD/JPY,141.8
2025-04-26,EUR/JPY,159.88
2025-04-26,GBP/JPY,185.48
2025-04-26,AUD/JPY,96.59
2025-04-26,SGD/JPY,108.62
2025-04-27,USD/JPY,145.68
2025-04-27,EUR/JPY,160.57
2025-04-27,GBP/JPY,183.2
2025-04-27,AUD/JPY,100.84
2025-04-27,SGD/JPY,109.25
2025-04-28,USD/JPY,142.08
2025-04-28,EUR/JPY,162.84
2025-04-28,GBP/JPY,186.82
2025-04-28,AUD/JPY,98.31
2025-04-28,SGD/JPY,104.97
2025-04-29,USD/JPY,142.12
2025-04-29,EUR/JPY,159.41
2025-04-29,GBP/JPY,181.06
2025-04-29,AUD/JPY,97.58
2025-04-29,SGD/JPY,108.15
2025-04-30,USD/JPY,146.62
2025-04-30,EUR/JPY,158.94
2025-04-30,GBP/JPY,187.72
2025-04-30,AUD/JPY,97.17
2025-04-30,SGD/JPY,106.73
2025-05-01,USD/JPY,148.32
2025-05-01,EUR/JPY,160.46
2025-05-01,GBP/JPY,182.54
2025-05-01,AUD/JPY,97.81
2025-05-01,SGD/JPY,108.94
2025-05-02,USD/JPY,140.48
2025-05-02,EUR/JPY,159.89
2025-05-02,GBP/JPY,187.68
2025-05-02,AUD/JPY,98.98
2025-05-02,SGD/JPY,106.92
2025-05-03,USD/JPY,143.25
2025-05-03,EUR/JPY,158.08
2025-05-03,GBP/JPY,185.08
2025-05-03,AUD/JPY,99.03
2025-05-03,SGD/JPY,106.84
2025-05-04,USD/JPY,145.43
2025-05-04,EUR/JPY,159.53
2025-05-04,GBP/JPY,184.67
2025-05-04,AUD/JPY,94.54
2025-05-04,SGD/JPY,107.04
2025-05-05,USD/JPY,143.02
2025-05-05,EUR/JPY,161.51
2025-05-05,GBP/JPY,181.54
2025-05-05,AUD/JPY,98.79
2025-05-05,SGD/JPY,109.43
2025-05-06,USD/JPY,144.22
2025-05-06,EUR/JPY,159.49
2025-05-06,GBP/JPY,184.99
2025-05-06,AUD/JPY,100.85
2025-05-06,SGD/JPY,107.66
2025-05-07,USD/JPY,143.53
2025-05-07,EUR/JPY,161.21
2025-05-07,GBP/JPY,187.33
2025-05-07,AUD/JPY,95.74
2025-05-07,SGD/JPY,106.82
2025-05-08,USD/JPY,144.09
2025-05-08,EUR/JPY,158.65
2025-05-08,GBP/JPY,184.38
2025-05-08,AUD/JPY,99.1
2025-05-08,SGD/JPY,106.3
2025-05-09,USD/JPY,144.02
2025-05-09,EUR/JPY,159.33
2025-05-09,GBP/JPY,184.05
2025-05-09,AUD/JPY,96.1
2025-05-09,SGD/JPY,107.26
2025-05-10,USD/JPY,144.16
2025-05-10,EUR/JPY,158.3
2025-05-10,GBP/JPY,184.63
2025-05-10,AUD/JPY,98.69
2025-05-10,SGD/JPY,108.9
2025-05-11,USD/JPY,142.97
2025-05-11,EUR/JPY,160.87
2025-05-11,GBP/JPY,183.0
2025-05-11,AUD/JPY,98.36
2025-05-11,SGD/JPY,105.75
2025-05-12,USD/JPY,147.27
2025-05-12,EUR/JPY,157.84
2025-05-12,GBP/JPY,185.38
2025-05-12,AUD/JPY,100.15
2025-05-12,SGD/JPY,106.66
2025-05-13,USD/JPY,143.0
2025-05-13,EUR/JPY,159.91
2025-05-13,GBP/JPY,186.14
2025-05-13,AUD/JPY,96.41
2025-05-13,SGD/JPY,106.12
2025-05-14,USD/JPY,144.87
2025-05-14,EUR/JPY,156.44
2025-05-14,GBP/JPY,184.86
2025-05-14,AUD/JPY,101.25
2025-05-14,SGD/JPY,108.22
2025-05-15,USD/JPY,145.35
2025-05-15,EUR/JPY,159.62
2025-05-15,GBP/JPY,187.97
2025-05-15,AUD/JPY,98.9
2025-05-15,SGD/JPY,109.19
2025-05-16,USD/JPY,143.46
2025-05-16,EUR/JPY,158.42
2025-05-16,GBP/JPY,185.23
2025-05-16,AUD/JPY,96.23
2025-05-16,SGD/JPY,104.89
2025-05-17,USD/JPY,143.82
2025-05-17,EUR/JPY,160.77
2025-05-17,GBP/JPY,181.02
2025-05-17,AUD/JPY,96.23
2025-05-17,SGD/JPY,111.46
2025-05-18,USD/JPY,143.39
2025-05-18,EUR/JPY,159.4
2025-05-18,GBP/JPY,189.96
2025-05-18,AUD/JPY,97.96
2025-05-18,SGD/JPY,106.87
2025-05-19,USD/JPY,144.2
2025-05-19,EUR/JPY,161.11
2025-05-19,GBP/JPY,181.07
2025-05-19,AUD/JPY,97.81
2025-05-19,SGD/JPY,106.22
2025-05-20,USD/JPY,143.23
2025-05-20,EUR/JPY,158.85
2025-05-20,GBP/JPY,181.58
2025-05-20,AUD/JPY,97.01
2025-05-20,SGD/JPY,107.32
2025-05-21,USD/JPY,144.6
2025-05-21,EUR/JPY,158.8
2025-05-21,GBP/JPY,188.04
2025-05-21,AUD/JPY,96.85
2025-05-21,SGD/JPY,110.12
2025-05-22,USD/JPY,145.73
2025-05-22,EUR/JPY,160.76
2025-05-22,GBP/JPY,182.1
2025-05-22,AUD/JPY,98.39
2025-05-22,SGD/JPY,106.66
2025-05-23,USD/JPY,145.74
2025-05-23,EUR/JPY,160.5
2025-05-23,GBP/JPY,185.47
2025-05-23,AUD/JPY,97.41
2025-05-23,SGD/JPY,108.23
2025-05-24,USD/JPY,144.1
2025-05-24,EUR/JPY,158.99
2025-05-24,GBP/JPY,183.24
2025-05-24,AUD/JPY,99.02
2025-05-24,SGD/JPY,110.45
2025-05-25,USD/JPY,148.69
2025-05-25,EUR/JPY,158.86
2025-05-25,GBP/JPY,184.56
2025-05-25,AUD/JPY,96.34
2025-05-25,SGD/JPY,105.28
2025-05-26,USD/JPY,142.54
2025-05-26,EUR/JPY,157.67
2025-05-26,GBP/JPY,182.83
2025-05-26,AUD/JPY,99.18
2025-05-26,SGD/JPY,107.08
2025-05-27,USD/JPY,142.9
2025-05-27,EUR/JPY,162.5
2025-05-27,GBP/JPY,181.49
2025-05-27,AUD/JPY,95.71
2025-05-27,SGD/JPY,108.72
2025-05-28,USD/JPY,148.6
2025-05-28,EUR/JPY,154.95
2025-05-28,GBP/JPY,191.0
2025-05-28,AUD/JPY,95.29
2025-05-28,SGD/JPY,106.39
2025-05-29,USD/JPY,142.8
2025-05-29,EUR/JPY,160.8
2025-05-29,GBP/JPY,185.69
2025-05-29,AUD/JPY,97.59
2025-05-29,SGD/JPY,108.17
2025-05-30,USD/JPY,145.14
2025-05-30,EUR/JPY,161.3
2025-05-30,GBP/JPY,187.34
2025-05-30,AUD/JPY,98.31
2025-05-30,SGD/JPY,108.76
2025-05-31,USD/JPY,148.08
2025-05-31,EUR/JPY,157.52
2025-05-31,GBP/JPY,183.8
2025-05-31,AUD/JPY,98.24
2025-05-31,SGD/JPY,109.38
2025-06-01,USD/JPY,142.68
2025-06-01,EUR/JPY,160.44
2025-06-01,GBP/JPY,186.97
2025-06-01,AUD/JPY,97.42
2025-06-01,SGD/JPY,108.08
2025-06-02,USD/JPY,144.0
2025-06-02,EUR/JPY,165.26
2025-06-02,GBP/JPY,186.66
2025-06-02,AUD/JPY,96.77
2025-06-02,SGD/JPY,107.84
2025-06-03,USD/JPY,148.95
2025-06-03,EUR/JPY,159.07
2025-06-03,GBP/JPY,185.75
2025-06-03,AUD/JPY,97.2
2025-06-03,SGD/JPY,106.81
2025-06-04,USD/JPY,145.85
2025-06-04,EUR/JPY,166.19
2025-06-04,GBP/JPY,181.58
2025-06-04,AUD/JPY,96.37
2025-06-04,SGD/JPY,106.48
2025-06-05,USD/JPY,147.33
2025-06-05,EUR/JPY,157.24
2025-06-05,GBP/JPY,186.99
2025-06-05,AUD/JPY,98.66
2025-06-05,SGD/JPY,105.11
2025-06-06,USD/JPY,141.47
2025-06-06,EUR/JPY,158.54
2025-06-06,GBP/JPY,185.76
2025-06-06,AUD/JPY,100.54
2025-06-06,SGD/JPY,108.7
2025-06-07,USD/JPY,142.28
2025-06-07,EUR/JPY,159.5
2025-06-07,GBP/JPY,186.51
2025-06-07,AUD/JPY,99.74
2025-06-07,SGD/JPY,108.55
2025-06-08,USD/JPY,147.82
2025-06-08,EUR/JPY,158.22
2025-06-08,GBP/JPY,184.95
2025-06-08,AUD/JPY,97.97
2025-06-08,SGD/JPY,107.86
2025-06-09,USD/JPY,142.39
2025-06-09,EUR/JPY,163.66
2025-06-09,GBP/JPY,187.89
2025-06-09,AUD/JPY,99.98
2025-06-09,SGD/JPY,106.68
2025-06-10,USD/JPY,148.37
2025-06-10,EUR/JPY,160.83
2025-06-10,GBP/JPY,185.56
2025-06-10,AUD/JPY,99.22
2025-06-10,SGD/JPY,109.09
2025-06-11,USD/JPY,143.23
2025-06-11,EUR/JPY,156.39
2025-06-11,GBP/JPY,187.02
2025-06-11,AUD/JPY,97.74
2025-06-11,SGD/JPY,107.01
2025-06-12,USD/JPY,145.12
2025-06-12,EUR/JPY,159.65
2025-06-12,GBP/JPY,187.48
2025-06-12,AUD/JPY,100.66
2025-06-12,SGD/JPY,106.4
2025-06-13,USD/JPY,143.78
2025-06-13,EUR/JPY,159.36
2025-06-13,GBP/JPY,184.3
2025-06-13,AUD/JPY,97.39
2025-06-13,SGD/JPY,108.54
2025-06-14,USD/JPY,140.99
2025-06-14,EUR/JPY,159.04
2025-06-14,GBP/JPY,179.73
2025-06-14,AUD/JPY,97.9
2025-06-14,SGD/JPY,108.53
2025-06-15,USD/JPY,146.39
2025-06-15,EUR/JPY,157.6
2025-06-15,GBP/JPY,184.61
2025-06-15,AUD/JPY,98.81
2025-06-15,SGD/JPY,107.83
2025-06-16,USD/JPY,141.39
2025-06-16,EUR/JPY,162.34
2025-06-16,GBP/JPY,185.68
2025-06-16,AUD/JPY,97.42
2025-06-16,SGD/JPY,107.02
2025-06-17,USD/JPY,144.63
2025-06-17,EUR/JPY,163.36
2025-06-17,GBP/JPY,182.89
2025-06-17,AUD/JPY,98.03
2025-06-17,SGD/JPY,109.06
2025-06-18,USD/JPY,146.45
2025-06-18,EUR/JPY,157.27
2025-06-18,GBP/JPY,182.76
2025-06-18,AUD/JPY,98.9
2025-06-18,SGD/JPY,108.28
2025-06-19,USD/JPY,147.85
2025-06-19,EUR/JPY,157.91
2025-06-19,GBP/JPY,185.61
2025-06-19,AUD/JPY,100.29
2025-06-19,SGD/JPY,107.06
2025-06-20,USD/JPY,145.63
2025-06-20,EUR/JPY,161.65
2025-06-20,GBP/JPY,188.37
2025-06-20,AUD/JPY,97.46
2025-06-20,SGD/JPY,108.84
2025-06-21,USD/JPY,145.33
2025-06-21,EUR/JPY,158.75
2025-06-21,GBP/JPY,183.09
2025-06-21,AUD/JPY,99.19
2025-06-21,SGD/JPY,106.98
2025-06-22,USD/JPY,145.31
2025-06-22,EUR/JPY,161.29
2025-06-22,GBP/JPY,184.62
2025-06-22,AUD/JPY,97.48
2025-06-22,SGD/JPY,107.52
2025-06-23,USD/JPY,143.82
2025-06-23,EUR/JPY,161.75
2025-06-23,GBP/JPY,184.57
2025-06-23,AUD/JPY,99.4
2025-06-23,SGD/JPY,107.52
2025-06-24,USD/JPY,144.24
2025-06-24,EUR/JPY,161.09
2025-06-24,GBP/JPY,182.85
2025-06-24,AUD/JPY,96.72
2025-06-24,SGD/JPY,108.26
2025-06-25,USD/JPY,144.07
2025-06-25,EUR/JPY,158.93
2025-06-25,GBP/JPY,185.35
2025-06-25,AUD/JPY,96.25
2025-06-25,SGD/JPY,105.43
2025-06-26,USD/JPY,144.98
2025-06-26,EUR/JPY,161.41
2025-06-26,GBP/JPY,186.44
2025-06-26,AUD/JPY,98.78
2025-06-26,SGD/JPY,106.13
2025-06-27,USD/JPY,146.72
2025-06-27,EUR/JPY,161.71
2025-06-27,GBP/JPY,189.36
2025-06-27,AUD/JPY,98.08
2025-06-27,SGD/JPY,106.86
2025-06-28,USD/JPY,146.71
2025-06-28,EUR/JPY,156.99
2025-06-28,GBP/JPY,185.31
2025-06-28,AUD/JPY,100.73
2025-06-28,SGD/JPY,106.98
2025-06-29,USD/JPY,147.74
2025-06-29,EUR/JPY,162.31
2025-06-29,GBP/JPY,187.04
2025-06-29,AUD/JPY,97.34
2025-06-29,SGD/JPY,106.38
2025-06-30,USD/JPY,143.1
2025-06-30,EUR/JPY,162.74
2025-06-30,GBP/JPY,186.09
2025-06-30,AUD/JPY,98.43
2025-06-30,SGD/JPY,109.04
